Indicador,Valor,Variacion
USD,913.83,-0.21075390932121404
UF,39841.72,0.0
EUR,1057.8,-0.1642222096381457
F&G Index,18.0,0.0
S&P500,6477.16015625,-1.7406172392416681
NASDAQ,23586.994140625,-2.3837553023308677
IPSA,10397.0302734375,-0.12411127462279038
BTC,68773.8984375,-3.5562873966123862
VIX,27.440000534057617,8.330045861456309
ORO,4387.2998046875,-3.571585717520624
DOW,45960.109375,-1.0109499880909805
COBRE,5.485000133514404,-0.7957980373350831
