Indicador,Valor,Variacion
USD,921.76,1.5534451226230113
UF,39841.72,0.014258445367562364
EUR,1069.2,1.7181345967235517
F&G Index,27.0,0.0
S&P500,6795.990234375,0.8304161513105205
NASDAQ,24967.248046875,1.3157012484360666
IPSA,10428.6396484375,1.111198745413441
BTC,68596.515625,3.9817236395641373
VIX,25.5,-13.530009501817219
ORO,5156.0,0.1923767932197594
DOW,47740.80078125,0.5036677667678119
COBRE,5.89300012588501,2.3623442265679717
