Indicador,Valor,Variacion
USD,900.6,0.38007556927740704
UF,37000.0,0.0
EUR,37000.0,0.0
F&G Index,35.0,0.0
S&P500,7472.7900390625,-0.3705051979052662
NASDAQ,30347.08203125,-0.19439273035551394
IPSA,10900.51953125,0.10597009089249129
BTC,63944.01171875,1.1171729114122655
VIX,17.280000686645508,
ORO,4206.5,-0.4166591048828471
DOW,51712.7109375,0.2870407875785298
COBRE,6.35099983215332,-0.36865583830997145
