Indicador,Valor,Variacion
USD,924.5,-0.030277471398599962
UF,40844.79,0.0
EUR,1060.81,0.42791278910147607
F&G Index,50.0,0.0
S&P500,7457.68994140625,-1.0098540030789749
NASDAQ,28592.66015625,-1.4921546680569542
IPSA,10887.7197265625,-0.5449720105508266
BTC,64796.7890625,1.404281212759644
VIX,18.770000457763672,12.193669882519634
ORO,4012.699951171875,0.6799441201228691
DOW,52146.421875,-0.7735944984078563
COBRE,6.21999979019165,-1.2071190212356884
