Indicador,Valor,Variacion
USD,894.99,0.07827438526652937
UF,40712.34,0.041675492402329525
EUR,1039.72,0.25262751904349806
F&G Index,42.0,0.0
S&P500,7383.740234375,-2.6445361894386843
NASDAQ,28957.599609375,-4.769205383151263
IPSA,10273.08984375,-0.3003695171521865
BTC,60852.91015625,-0.11450222852318606
VIX,21.510000228881836,39.675329621434635
ORO,4337.10009765625,-3.0988809393572505
DOW,50866.78125,-1.3481815783720033
COBRE,6.263500213623047,-3.801258437018499
