Indicador,Valor,Variacion
USD,859.66,-0.6942599373895354
UF,39682.99,-0.006475907105757633
EUR,1015.79,-0.5648224284427721
F&G Index,48.0,0.0
S&P500,6964.81982421875,0.4691086716887306
NASDAQ,25268.140625,0.7671592830292315
IPSA,11250.5595703125,0.3548307602571778
BTC,70266.359375,0.002323801115980469
VIX,17.360000610351562,-14.776632817238086
ORO,5036.5,1.7228106584794682
DOW,50135.87109375,0.04030519395286467
COBRE,5.940999984741211,1.321733860707277
