Indicador,Valor,Variacion
USD,899.39,1.0176002156503705
UF,39907.85,0.033187440609139834
EUR,1056.61,1.1836246109647977
F&G Index,47.0,0.0
S&P500,6967.3798828125,1.178286636479279
NASDAQ,25841.99609375,1.805390927456043
IPSA,11336.01953125,1.8250481490045463
BTC,74151.453125,-0.4473237666238656
VIX,18.360000610351562,-3.974896420100301
ORO,4859.5,2.469216010197237
DOW,48535.98828125,0.6589585504451115
COBRE,6.080999851226807,1.757028480967207
