Indicador,Valor,Variacion
USD,878.21,-1.273692020594906
UF,39729.15,-0.006468383447783556
EUR,1027.87,-1.51577575716929
F&G Index,52.0,0.0
S&P500,6913.35009765625,0.5487502192628932
NASDAQ,25518.3515625,0.757194551271596
IPSA,11507.7001953125,2.246406004622825
BTC,89157.8203125,-0.2451869281539365
VIX,15.640000343322754,-7.455617181351728
ORO,4955.0,2.549778556491085
DOW,49384.01171875,0.6250989452131848
COBRE,5.808499813079834,1.3788288456237674
