Indicador,Valor,Variacion
USD,887.79,0.7455572955675015
UF,40013.88,0.03317449408895714
EUR,1041.88,0.33126612996418225
F&G Index,68.0,0.0
S&P500,7137.89990234375,1.0460084168953927
NASDAQ,26937.275390625,1.7289042240786625
IPSA,11002.1298828125,-1.1351114511273848
BTC,78288.8515625,2.5357011118722665
VIX,18.920000076293945,-2.974358583107973
ORO,4745.39990234375,1.0003405622530028
DOW,49490.03125,0.6930959278239862
COBRE,6.131999969482422,2.174453669290257
