Indicador,Valor,Variacion
USD,907.66,1.3986638961503208
UF,39836.04,0.01426047869012555
EUR,1051.14,0.9527285299936683
F&G Index,27.0,0.0
S&P500,6740.02001953125,-1.327679581256924
NASDAQ,24643.01953125,-1.5083310890718125
IPSA,10314.0302734375,0.15634779442166397
BTC,66232.59375,-1.5459490143413714
VIX,29.489999771118164,24.168420088918584
ORO,5125.60009765625,-0.3983599154889459
DOW,47501.55078125,-0.9450317450219375
COBRE,5.696499824523926,-1.0508970866632696
