Indicador,Valor,Variacion
USD,913.74,0.0
UF,39674.25,0.0
F&G Index,39.0,0.0
S&P500,6721.43017578125,-1.1592143912241404
NASDAQ,24647.60546875,-1.9310673360757813
DOW,47885.96875,-0.47448087239595915
IPSA,10134.51953125,0.0
BTC,85979.796875,-2.1221572692353186
VIX,17.6200008392334,6.9174837904296
GOLD,4369.7998046875,1.5170125377511907
