Indicador,Valor,Variacion
USD,924.78,-0.4371043452047779
UF,40844.79,0.0
EUR,1056.29,-0.12953122931756123
F&G Index,50.0,0.0
S&P500,7533.77001953125,-0.5101405539945609
NASDAQ,29025.76953125,-1.6162307201345008
IPSA,10947.3798828125,-0.7088129884625908
BTC,63840.0,-1.3480806414538178
VIX,16.729999542236328,6.764514746531382
ORO,3984.89990234375,-1.461426747187191
DOW,52552.96875,-0.20067338189097053
COBRE,6.289999961853027,-0.05561269199827313
