Indicador,Valor,Variacion
USD,895.86,0.24281350356387105
UF,39841.72,0.0
EUR,1036.64,-0.45229749843950734
F&G Index,21.0,0.0
S&P500,6672.6201171875,-1.5227676506708516
NASDAQ,24533.58203125,-1.7281296439508889
IPSA,10399.6396484375,-1.0049329132168887
BTC,70525.796875,0.4571107445006106
VIX,27.290000915527344,12.628978254650805
ORO,5098.5,-1.333357271468373
DOW,46677.8515625,-1.5593853801781903
COBRE,5.832499980926514,-0.22239349005318745
