Indicador,Valor,Variacion
USD,980.0,0.0
UF,37000.0,0.0
EUR,1053.85,-0.12131206581181467
F&G Index,32.0,0.0
S&P500,7483.240234375,0.00013702513856667139
NASDAQ,29329.2109375,-1.609976232245848
IPSA,10821.1396484375,0.2609027206991813
BTC,63550.578125,0.7327403070819758
VIX,15.81,-2.1052608455802213
ORO,4195.39990234375,2.0108372384038105
DOW,52900.0703125,1.137232236762854
COBRE,6.235499858856201,1.9788995367399733
