Indicador,Valor,Variacion
USD,858.45,0.05827845445538784
UF,39703.5,-0.0064725620037432785
EUR,1026.24,0.22560135946793816
F&G Index,58.0,0.0
S&P500,6939.02978515625,-0.4301899620894176
NASDAQ,25552.390625,-1.2822836477407502
IPSA,11439.8603515625,-0.7253890313510671
BTC,76599.46875,-2.571380959492932
VIX,17.440000534057617,3.3175438455743578
ORO,5067.5,-4.7175824862884355
DOW,48892.46875,-0.36495650205985053
COBRE,6.014999866485596,-2.5989806780376625
