Indicador,Valor,Variacion
USD,933.92,1.0189291508923697
UF,40844.79,0.0
EUR,1068.07,0.6843826887001434
F&G Index,50.0,0.0
S&P500,7443.27978515625,-0.19322546744659602
NASDAQ,28604.234375,0.04047968494974057
IPSA,10887.7197265625,-0.5449720105508266
BTC,65191.53125,0.7740305054464005
VIX,18.649999618530273,-0.6393225162856272
ORO,4009.60009765625,-0.07725106669686863
DOW,51839.26171875,-0.5890340031120305
COBRE,6.3394999504089355,1.9212245055976622
