Indicador,Valor,Variacion
USD,892.83,-1.383979853318014
UF,40213.45,0.03315910499768277
EUR,1048.91,-0.966813010432895
F&G Index,68.0,0.0
S&P500,7337.10986328125,-0.38030953277848517
NASDAQ,28563.947265625,-0.1231597152862077
IPSA,10871.2802734375,-0.597077004155171
BTC,80005.5,-1.7463764750942266
VIX,17.079999923706055,-1.7826306890321855
ORO,4706.2998046875,0.521153866009298
DOW,49596.96875,-0.628365833246655
COBRE,6.138000011444092,0.024446015295621563
