Indicador,Valor,Variacion
USD,921.42,0.6378470477729874
UF,40806.72,0.006666013135969915
EUR,1046.35,0.44349303562342357
F&G Index,25.0,0.0
S&P500,7357.490234375,-0.009920611879451625
NASDAQ,29440.322265625,0.7538030881101523
IPSA,10706.25,0.2888867340796698
BTC,59776.0,-1.9987378603595034
VIX,18.889999389648438,1.3955997884818865
ORO,4032.300048828125,1.0525524267864166
DOW,51920.62109375,0.13833014473095573
COBRE,6.119500160217285,2.9698860035813737
