Indicador,Valor,Variacion
USD,897.19,1.5541167681615486
UF,40790.42,0.006668677076670576
EUR,1028.3,0.7979140526976147
F&G Index,37.0,0.0
S&P500,7500.580078125,1.0846212235623454
NASDAQ,30406.189453125,2.477980158148694
IPSA,10888.4296875,0.4665083615674529
BTC,63497.98046875,0.9563458602638002
VIX,16.780000686645508,2.3170797375255616
ORO,4172.89990234375,-1.212097112492872
DOW,51564.69921875,0.14011432023730983
COBRE,6.336999893188477,-0.5882799564192741
