Indicador,Valor,Variacion
USD,858.45,0.05827845445538784
UF,39708.63,-0.006471725860713626
EUR,1026.24,0.22560135946793816
F&G Index,58.0,0.0
S&P500,6939.02978515625,-0.4301899620894176
NASDAQ,25552.38671875,-1.2822987389345708
IPSA,11439.8603515625,-0.7253890313510671
BTC,83908.78125,-0.7719872803503143
VIX,17.010000228881836,0.7701485460816244
ORO,5067.5,-4.7175824862884355
DOW,48892.46875,-0.36495650205985053
COBRE,6.014999866485596,-2.5989806780376625
