Indicador,Valor,Variacion
USD,899.86,0.020007113640412556
UF,40509.29,0.04166211849033132
EUR,1044.77,-0.14241201995679936
F&G Index,59.0,0.0
S&P500,7473.47021484375,0.37269732409066003
NASDAQ,29481.640625,0.4236466665185276
IPSA,10825.5302734375,2.476839887688489
BTC,77278.3203125,0.38606257378026104
VIX,16.59000015258789,-0.6586862594382344
ORO,4561.5,0.8958195089581952
DOW,50579.69921875,0.5847374014507274
COBRE,6.45550012588501,1.7896581223442947
