Indicador,Valor,Variacion
USD,866.74,0.3996339584612408
UF,39745.27,0.014242716523881881
EUR,1019.69,0.033354588708493824
F&G Index,43.0,0.0
S&P500,6909.509765625,0.6939724763506775
NASDAQ,25012.619140625,0.8681548030211783
IPSA,10855.080078125,0.42491487156877533
BTC,67963.390625,1.5022467018794448
VIX,19.09000015258789,-5.635192365023732
ORO,5130.0,3.0969292124157426
DOW,49625.96875,0.4672696535852726
COBRE,5.869999885559082,2.4432786390851184
