Indicador,Valor,Variacion
USD,889.19,-1.191230234134515
UF,40324.06,0.041679836337165155
EUR,1040.96,-1.4457078477225587
F&G Index,66.0,0.0
S&P500,7501.240234375,0.7655604577358364
NASDAQ,29580.298828125,0.7265291479916064
IPSA,10482.26953125,0.8358487079549781
BTC,81089.390625,2.285998156585025
VIX,17.260000228881836,-3.4135455047786714
ORO,4655.2001953125,-0.9046980061096218
DOW,50063.4609375,0.7450953542357053
COBRE,6.576499938964844,-0.8891570441686814
