Indicador,Valor,Variacion
USD,885.71,-1.0976617459856544
UF,39752.25,-0.0064646249184368305
EUR,1033.62,-0.7632708315331707
F&G Index,56.0,0.0
S&P500,6963.740234375,-0.19391230550597158
NASDAQ,25741.953125,-0.1772438095315998
IPSA,11254.48046875,1.7017674590010297
BTC,95646.8125,4.883950187030373
VIX,15.979999542236328,5.687828460227839
ORO,4598.60009765625,-0.12379096220987387
DOW,49191.98828125,-0.8030033026151604
COBRE,6.006999969482422,0.3675828818252545
