Indicador,Valor,Variacion
USD,914.99,0.0
UF,39685.75,0.0
F&G Index,45.0,0.0
S&P500,6834.5,0.8818059450332215
NASDAQ,25346.1796875,1.306230165269611
DOW,48134.890625,0.38171427491476234
IPSA,10304.259765625,0.0
BTC,88269.2578125,0.18827313402143947
VIX,14.90999984741211,-11.618262562637518
GOLD,4361.39990234375,0.5046641858220994
