Indicador,Valor,Variacion
USD,923.25,1.0308263024851403
UF,39841.72,0.0
EUR,1064.63,0.6456797126110942
F&G Index,10.0,0.0
S&P500,6368.85009765625,-1.672184352107435
NASDAQ,23132.771484375,-1.9257172936716387
IPSA,10417.1904296875,0.18947067867752793
BTC,66068.4140625,-3.9586373159523416
VIX,31.049999237060547,13.155971693667858
ORO,4521.2998046875,3.332186143012227
DOW,45166.640625,-1.7264292030419042
COBRE,5.46150016784668,0.2754125366021668
