Indicador,Valor,Variacion
USD,896.03,0.206893466639829
UF,40106.89,0.03317238491240847
EUR,1049.58,0.1364308543624325
F&G Index,64.0,0.0
S&P500,7135.9501953125,-0.0399172053141045
NASDAQ,27186.984375,0.5844631776925444
IPSA,10857.990234375,-0.43519488042685084
BTC,75847.171875,-0.6594571961649813
VIX,18.809999465942383,5.49635191491706
ORO,4565.2001953125,-0.5727933069258413
DOW,48861.80859375,-0.5700246114292356
COBRE,5.938000202178955,0.3973280028404643
