Indicador,Valor,Variacion
USD,915.15,-0.9224073532755185
UF,39841.72,0.0
EUR,1061.54,-0.6002153658879237
F&G Index,14.0,0.0
S&P500,6556.3701171875,-0.37425745042546726
NASDAQ,24002.447265625,-0.7695470439881665
IPSA,10206.16015625,-0.21001416676604823
BTC,70650.4296875,-0.3728833277405057
VIX,26.950000762939453,3.059277843515864
ORO,4487.2001953125,1.8868803118365487
DOW,46124.05859375,-0.1826724808966971
COBRE,5.526000022888184,1.5902228173884136
