Indicador,Valor,Variacion
USD,854.41,-0.2300380672131562
UF,39716.95,0.01425287367898705
EUR,1013.9,-0.4076420608025124
F&G Index,36.0,0.0
S&P500,6836.169921875,0.0499089148012519
NASDAQ,24732.73046875,0.1827681776093397
IPSA,10897.740234375,-0.7025123871753538
BTC,68427.7890625,-1.9204264692971849
VIX,20.600000381469727,-1.056672990293959
ORO,5046.2998046875,0.48386707860414174
DOW,49500.9296875,0.09898333350053046
COBRE,5.802999973297119,0.18126809130873833
