Indicador,Valor,Variacion
USD,980.0,0.0
UF,37000.0,0.0
EUR,37000.0,0.0
F&G Index,21.0,0.0
S&P500,6716.08984375,0.24942548757938038
NASDAQ,24780.41796875,0.5073064325726853
IPSA,10620.8896484375,0.36598852800981013
BTC,74149.15625,-0.9510010155267793
VIX,22.3700008392334,-4.848997782007496
ORO,5003.60009765625,0.1922326322837405
DOW,46993.26171875,0.09979796611512079
COBRE,5.765999794006348,-0.423113191116377
