Indicador,Valor,Variacion
USD,894.17,-0.12398355821642544
UF,39868.16,0.033170292064173636
EUR,1046.3,0.22606663218191655
F&G Index,38.0,0.0
S&P500,6816.89013671875,-0.1138521091652343
NASDAQ,25116.33984375,0.13655161995416612
IPSA,11076.650390625,1.0796393300621852
BTC,73155.28125,0.2414862656425999
VIX,19.229999542236328,-1.3340186348648655
ORO,4761.89990234375,-0.6322835385380663
DOW,47916.5703125,-0.5587340344767345
COBRE,5.870500087738037,2.1311750120080335
