Indicador,Valor,Variacion
USD,899.68,-0.8628004099128429
UF,40475.55,0.04167213520754276
EUR,1046.26,-0.6900610329084109
F&G Index,59.0,0.0
S&P500,7473.47021484375,0.37269732409066003
NASDAQ,29481.640625,0.4236466665185276
IPSA,10563.8798828125,-0.3815415342553959
BTC,76603.953125,1.4779930028424335
VIX,16.700000762939453,-0.35799203534011975
ORO,4521.0,-0.4141108748471365
DOW,50579.69921875,0.5847374014507274
COBRE,6.3420000076293945,1.358479120369947
