Indicador,Valor,Variacion
USD,884.21,1.4688837630965983
UF,39807.65,0.014245522458928558
EUR,1034.53,0.44858288588322187
F&G Index,32.0,0.0
S&P500,6816.6298828125,-0.9444031095625391
NASDAQ,24720.083984375,-1.0903852710775088
IPSA,10248.9599609375,-2.846832245572144
BTC,68605.59375,-0.24755464110143127
VIX,23.56999969482422,9.934697330735046
ORO,5114.39990234375,-3.399818739047588
DOW,48501.26953125,-0.8250966642448686
COBRE,5.835999965667725,-0.9924474556900197
