Indicador,Valor,Variacion
USD,884.57,0.207309060425498
UF,39744.55,-0.006465877276139022
EUR,1026.9,-0.14197362791238566
F&G Index,62.0,0.0
S&P500,6940.009765625,-0.06423023039562939
NASDAQ,25529.263671875,-0.06970130197781363
IPSA,11156.73046875,0.6155036318307534
BTC,95399.7890625,-0.15844746827453085
VIX,15.859999656677246,0.1262594942973407
ORO,4601.10009765625,-0.32926169604096894
DOW,49359.328125,-0.1681010866091529
COBRE,5.848499774932861,-1.6728342309437496
