Indicador,Valor,Variacion
USD,889.54,0.09902549906600899
UF,39731.72,-0.006442799517186852
EUR,1043.69,0.8737254143913366
F&G Index,50.0,0.0
S&P500,6875.6201171875,1.1587741323274499
NASDAQ,25326.58203125,1.3567214199309718
IPSA,11254.8701171875,0.8559684135377653
BTC,90055.4296875,1.9754337392500714
VIX,16.899999618530273,-15.878549078292057
ORO,4810.5,1.0694155244011871
DOW,49077.23046875,1.2139776118398988
COBRE,5.79449987411499,0.37242528160485566
