Indicador,Valor,Variacion
USD,892.91,0.25487290038623706
UF,40644.55,0.04167115868465908
EUR,1038.75,-0.013475921416136457
F&G Index,57.0,0.0
S&P500,7609.77978515625,0.1292088941155246
NASDAQ,30660.6015625,0.480903400964828
IPSA,10469.1796875,-1.4798008797345652
BTC,66761.9296875,-6.39071540797055
VIX,15.770000457763672,-1.7445407639044532
ORO,4504.10009765625,0.6457789837876056
DOW,51307.7890625,0.44815031408606465
COBRE,6.664999961853027,2.1612475533225846
