Indicador,Valor,Variacion
USD,980.0,0.0
UF,37000.0,0.0
EUR,37000.0,0.0
F&G Index,39.0,0.0
S&P500,7511.35009765625,-0.5684179609759716
NASDAQ,29968.12890625,-1.8851248205788707
IPSA,10903.58984375,0.23229258308346948
BTC,65691.953125,-0.9014200966970637
VIX,16.40999984741211,1.2962905838440986
ORO,4349.39990234375,0.49445245711067465
DOW,51999.671875,0.6360249003158805
COBRE,6.485499858856201,0.04627508718782521
