Indicador,Valor,Variacion
USD,865.1,0.7746519890500294
UF,39700.94,-0.006447794275058047
EUR,1027.19,0.09257093857187845
F&G Index,61.0,0.0
S&P500,6976.43994140625,0.5391266129167885
NASDAQ,25738.61328125,0.7287876073239233
IPSA,11482.7099609375,0.5485049279332097
BTC,78689.984375,2.2287124714381163
VIX,16.34000015258789,-6.307341443720695
ORO,4745.2998046875,0.666113048521416
DOW,49407.66015625,1.0537234453925994
COBRE,5.8480000495910645,-0.8309273823968082
