Indicador,Valor,Variacion
USD,862.98,-0.8877812360028045
UF,39716.32,-0.006470472865681063
EUR,1025.04,-0.13444788682996328
F&G Index,64.0,0.0
S&P500,6978.60009765625,0.4081896177137236
NASDAQ,25939.744140625,0.8809992796139874
IPSA,11626.2001953125,0.6921702919238651
BTC,89161.09375,1.0127813347867811
VIX,16.350000381469727,1.2383948462139602
ORO,5174.5,1.8662480272946103
DOW,49003.41015625,-0.8277037629883821
COBRE,5.952000141143799,-0.5347604236009523
