Indicador,Valor,Variacion
USD,894.79,0.013412766718455359
UF,40559.96,0.04165940073112228
EUR,37000.0,0.0
F&G Index,60.0,0.0
S&P500,7563.6298828125,0.57537166196686
NASDAQ,30223.888671875,0.8351302723206407
IPSA,10897.169921875,0.5354676961158433
BTC,73556.0,-1.0608733263402887
VIX,15.739999771118164,-3.3763113167472456
ORO,4523.2001953125,1.7020842116357504
DOW,50668.96875,0.048746866162702226
COBRE,6.4145002365112305,1.7367234124328428
