Indicador,Valor,Variacion
USD,892.89,-0.21234032566300218
UF,40610.69,0.04168127276674606
EUR,1040.06,-0.01442016515896703
F&G Index,60.0,0.0
S&P500,7580.06005859375,0.2172260678511746
NASDAQ,30333.1796875,0.3615982596548984
IPSA,10788.1904296875,-1.0087032104429565
BTC,73537.84375,-0.2942074031374426
VIX,15.319999694824219,-2.668361387556162
ORO,4570.89990234375,0.22804302913605967
DOW,51032.4609375,0.717386196063049
COBRE,6.408999919891357,0.7783629073098136
