Indicador,Valor,Variacion
USD,876.32,-1.12826067334597
UF,39987.35,0.03317148683059962
EUR,1032.91,-1.0584696731675498
F&G Index,70.0,0.0
S&P500,7109.14013671875,-0.23743726176704383
NASDAQ,26590.34375,-0.30775575551885126
IPSA,11343.5498046875,-0.7484413915013328
BTC,75754.1484375,2.5695784246721334
VIX,18.8700008392334,7.951952708227809
ORO,4847.10009765625,-0.2161561221366526
DOW,49442.55859375,-0.009851055516504191
COBRE,6.046999931335449,-0.9256976990643804
