Indicador,Valor,Variacion
USD,980.0,0.0
UF,37000.0,0.0
EUR,1058.43,-0.15941591517939735
F&G Index,27.0,0.0
S&P500,7266.990234375,-1.619945029894845
NASDAQ,28508.02734375,-1.9820614287679006
IPSA,10453.4501953125,-0.47319321788310165
BTC,61555.9609375,-0.14246418814549927
VIX,22.219999313354492,11.826866506623453
ORO,4076.0,-4.31924882629108
DOW,49918.78125,-1.8739701119381784
COBRE,6.197000026702881,-1.6739349186293722
