Indicador,Valor,Variacion
USD,924.94,-0.4359573300035473
UF,40844.79,0.0
EUR,1055.87,-0.5949971285739993
F&G Index,50.0,0.0
S&P500,7515.33984375,-0.7927023147980143
NASDAQ,29264.103515625,-1.8809850864964346
IPSA,10927.7099609375,-1.1666250517463208
BTC,62021.859375,-2.723349881853467
VIX,17.15999984741211,14.171657699822532
ORO,4001.60009765625,-2.4975024380749193
DOW,52498.640625,-0.26287794316543694
COBRE,6.26800012588501,0.5534630953589406
