Indicador,Valor,Variacion
USD,915.97,-0.04583201475353933
UF,40768.69,0.006672231765860506
EUR,1057.95,-0.04535018848672261
F&G Index,30.0,0.0
S&P500,7394.2998046875,1.7518885564244784
NASDAQ,29446.17578125,3.290814930086514
IPSA,10740.7001953125,2.7774883515955286
BTC,63662.62109375,3.6018838704526304
VIX,19.440000534057617,-12.511246018023328
ORO,4240.2001953125,3.213085870318915
DOW,50848.75,1.8629636515815378
COBRE,6.3979997634887695,2.3843765287460923
