Indicador,Valor,Variacion
USD,861.19,0.4209519811562785
UF,39784.96,0.0142536480666152
EUR,1014.48,0.1609320234980496
F&G Index,43.0,0.0
S&P500,6878.8798828125,-0.4339352811031182
NASDAQ,24960.03515625,-0.2969277314616772
IPSA,10877.740234375,-1.5561539611147548
BTC,65722.3359375,-2.566850469239177
VIX,19.860000610351562,6.602262506673928
ORO,5296.39990234375,2.316234953032937
DOW,48977.921875,-1.053102579389897
COBRE,6.060999870300293,1.9169302688000083
