Indicador,Valor,Variacion
USD,891.0,0.2035560453896181
UF,40374.49,0.041677331719100014
EUR,1040.4,-0.05379649554257084
F&G Index,63.0,0.0
S&P500,7408.5,-1.2363320128051742
NASDAQ,29125.19921875,-1.5385291916587753
IPSA,10421.349609375,-0.5811711070144115
BTC,77237.453125,-1.1442057174488822
VIX,18.43000030517578,6.77867937878783
ORO,4540.2001953125,-0.3424120910438038
DOW,49526.171875,-1.073215979156455
COBRE,6.2769999504089355,0.40789922706845416
