Indicador,Valor,Variacion
USD,921.74,0.004339806878589955
UF,40836.63,0.006661130418306471
EUR,1054.38,0.050291787256269885
F&G Index,44.0,0.0
S&P500,7537.43017578125,0.7241507650298753
NASDAQ,29697.873046875,1.2569792967175695
IPSA,10878.990234375,0.5346071469085351
BTC,63996.62890625,0.7061542790875336
VIX,15.569999694824219,
ORO,4174.2001953125,1.4953679354039804
DOW,53055.91015625,0.29459288584948423
COBRE,6.246500015258789,2.1588023304309525
