Indicador,Valor,Variacion
USD,871.41,1.1867299898976895
UF,39801.98,0.014247552097180694
EUR,1029.91,1.520976263701607
F&G Index,42.0,0.0
S&P500,6881.6201171875,0.03983547353176964
NASDAQ,24992.6015625,0.13045852980623715
IPSA,10549.2802734375,-3.0195606243613544
BTC,69234.2109375,5.3182390301857145
VIX,21.440000534057617,7.955689200142907
ORO,5353.10009765625,2.3439460406509895
DOW,48904.78125,-0.14933386758765987
COBRE,5.971499919891357,-0.5495876901124643
