Indicador,Valor,Variacion
USD,887.71,-0.573457433105967
UF,40256.91,0.04167480530635349
EUR,1042.89,-0.573929126426479
F&G Index,67.0,0.0
S&P500,7398.93017578125,0.8425703533400979
NASDAQ,29234.990234375,2.349258537347189
IPSA,10758.900390625,-1.030451259461389
BTC,82350.59375,2.090423096706947
VIX,17.190000534057617,0.6440316794081948
ORO,4705.2998046875,-0.3198902205034064
DOW,49609.16015625,0.02458095032269487
COBRE,6.289000034332275,0.6401017985131441
