Indicador,Valor,Variacion
USD,909.94,1.5716741455138123
UF,39841.72,0.0
EUR,1048.68,1.1614446673869387
F&G Index,20.0,0.0
S&P500,6632.18994140625,-0.6059115470564397
NASDAQ,24380.734375,-0.6230061109641417
IPSA,10466.51953125,0.6430980791007351
BTC,72870.0546875,2.3245642134603672
VIX,27.190000534057617,-0.3664359769692378
ORO,5008.0,-0.8807521029193469
DOW,46558.46875,-0.255759013115997
COBRE,5.691999912261963,-0.39373590589256247
