Indicador,Valor,Variacion
USD,901.59,-0.5613888031058276
UF,40408.15,0.04166736813751506
EUR,1049.58,-0.3881670731823194
F&G Index,60.0,0.0
S&P500,7353.60986328125,-0.6678320788135907
NASDAQ,28818.84375,-0.6053775123496837
IPSA,10350.8603515625,-1.1407453019781495
BTC,76757.4921875,-0.25558027941548817
VIX,18.059999465942383,1.3468000854560704
ORO,4496.7001953125,-1.2256958745194948
DOW,49363.87890625,-0.6485557342904249
COBRE,6.211999893188477,-0.9566317657640796
