Indicador,Valor,Variacion
USD,863.29,-0.5701188611443893
UF,39739.61,0.01426991634858827
EUR,1019.35,-0.8288985961259565
F&G Index,39.0,0.0
S&P500,6861.89013671875,-0.2822125686772006
NASDAQ,24797.33984375,-0.40776669936926885
IPSA,10809.150390625,-0.5092749559829246
BTC,66884.09375,0.6906604820897905
VIX,20.229999542236328,3.1090656315525615
ORO,5016.60009765625,0.6036317588739597
DOW,49395.16015625,-0.5386340545560473
COBRE,5.764999866485596,-0.49193199916048347
