Indicador,Valor,Variacion
USD,906.44,-0.2157639806252667
UF,39704.93,0.009672278519314669
EUR,1067.15,-0.0870721294284919
F&G Index,58.0,0.0
S&P500,6932.0498046875,0.32214822012189737
NASDAQ,25656.150390625,0.2670031506829762
IPSA,10386.990234375,-0.16090607523217895
BTC,87709.6953125,0.3382699710572677
VIX,13.470000267028809,-3.7857123783656528
ORO,4480.60009765625,-0.04906993680489248
DOW,48731.16015625,0.59606860820641
COBRE,5.498499870300293,0.41088456604508317
