Indicador,Valor,Variacion
USD,980.0,0.0
UF,39694.31,0.014261004090580598
EUR,37000.0,0.0
F&G Index,49.0,0.0
S&P500,6941.47021484375,-0.0048956071562241
NASDAQ,25201.259765625,0.2929807128479656
IPSA,11217.8203125,1.8942204565874512
BTC,66918.703125,-2.7259046970760856
VIX,17.649999618530273,-0.7869662158076415
ORO,5086.0,1.6427554762581797
DOW,50121.3984375,-0.13298398121319124
COBRE,5.979499816894531,1.416212851829159
