Indicador,Valor,Variacion
USD,916.9,0.0
UF,39655.08,0.0
F&G Index,42.0,0.0
S&P500,6827.41015625,-1.0663649289957977
NASDAQ,25196.734375,-1.9074278879693967
DOW,48458.05078125,-0.5050116588348929
IPSA,10400.009765625,0.0
BTC,90331.4921875,-2.3562990717944956
VIX,15.739999771118164,5.993261729198373
GOLD,4302.7001953125,0.40135795852292616
