Indicador,Valor,Variacion
USD,980.0,0.0
UF,37000.0,0.0
EUR,37000.0,0.0
F&G Index,31.0,0.0
S&P500,7499.35986328125,0.7920198981480575
NASDAQ,30276.34765625,1.6846410339297557
IPSA,10839.7998046875,0.7229121416790559
BTC,58556.0,-2.6312297322094067
VIX,16.450000762939453,-6.798860518563258
ORO,4020.89990234375,-0.034809598174629586
DOW,52319.19921875,0.2615058963838093
COBRE,6.25,2.5010275753039086
