Indicador,Valor,Variacion
USD,894.25,0.3771509389486933
UF,40290.47,0.04166491821335178
EUR,1053.17,0.36499132788230265
F&G Index,67.0,0.0
S&P500,7400.9599609375,-0.16026088601544933
NASDAQ,29064.798828125,-0.8726315395407648
IPSA,10640.66015625,-0.573253161962679
BTC,80456.0390625,-1.5566919428724484
VIX,17.989999771118164,-2.121868375712
ORO,4727.5,0.18648789546412844
DOW,49760.55859375,0.11284668191931937
COBRE,6.635499954223633,3.461450500978284
