Indicador,Valor,Variacion
USD,922.21,-0.0140945855107656
UF,40823.03,0.006663349690389819
EUR,1053.47,0.29417924941448975
F&G Index,32.0,0.0
S&P500,7483.22998046875,-0.21508346187620572
NASDAQ,29809.1328125,-1.5431741372491201
IPSA,10811.9501953125,-0.2545296539389527
BTC,59896.96875,2.285067348103551
VIX,16.59000015258789,0.85106007997182
ORO,4047.5,0.6115016096204117
DOW,52305.23828125,-0.026684157457434327
COBRE,6.1539998054504395,-0.621724800629325
