Indicador,Valor,Variacion
USD,924.78,-0.4371043452047779
UF,40844.79,0.0
EUR,1056.29,-0.12953122931756123
F&G Index,50.0,0.0
S&P500,7572.39990234375,0.38191443583878903
NASDAQ,29502.595703125,-0.28287886729626927
IPSA,10947.3798828125,-0.7088129884625908
BTC,64732.19140625,-0.3447279458215929
VIX,15.670000076293945,-5.030302567915483
ORO,4061.10009765625,0.0
DOW,52658.640625,0.2863760224672944
COBRE,6.379499912261963,0.7819903499608134
