Indicador,Valor,Variacion
USD,896.82,-0.9191948206907148
UF,39754.84,0.009660134336234328
EUR,1048.91,-1.081687696863391
F&G Index,47.0,0.0
S&P500,6920.93017578125,-0.34399234310139126
NASDAQ,25653.896484375,0.05532646959078066
IPSA,10876.7998046875,-0.46661067052652194
BTC,90945.4921875,-2.969772572465375
VIX,15.380000114440918,4.271187216548596
ORO,4470.60009765625,-0.2588036488950543
DOW,48996.078125,-0.9421359103075493
COBRE,5.858500003814697,-2.52890693896643
