Indicador,Valor,Variacion
USD,907.13,-0.4444785882043016
UF,39735.63,0.009664804933270078
EUR,1066.58,-0.3866557083084373
F&G Index,45.0,0.0
S&P500,6858.47021484375,0.18947067188298883
NASDAQ,25206.16796875,-0.1729976269196529
IPSA,10428.6298828125,-0.3019998104799013
BTC,90087.5703125,1.527730893260551
VIX,14.510000228881836,
ORO,4341.89990234375,0.37682181245399365
DOW,48382.390625,0.6639195292795095
COBRE,5.697999954223633,1.2078124049819403
