Indicador,Valor,Variacion
USD,905.36,-0.510983395786857
UF,40200.12,0.03317010390728333
EUR,1059.15,-0.4642464453194587
F&G Index,68.0,0.0
S&P500,7365.1201171875,1.4588330317794254
NASDAQ,28599.171875,2.0849904184488937
IPSA,10937.1904296875,2.2906352830114924
BTC,81345.21875,0.5167172636082475
VIX,17.389999389648438,0.05753871901449992
ORO,4701.89990234375,3.2069033741545536
DOW,49910.58984375,1.242112739803137
COBRE,6.178999900817871,3.9710595220844693
