Indicador,Valor,Variacion
USD,883.46,-0.3462939776431634
UF,40787.7,0.006669121818850684
EUR,1020.16,-0.8754627515376568
F&G Index,38.0,0.0
S&P500,7500.580078125,1.0846212235623454
NASDAQ,30406.193359375,2.4779933233830493
IPSA,10836.990234375,0.28687791981697075
BTC,62844.671875,-2.4430478411353698
VIX,16.399999618530273,-11.062911369007717
ORO,4207.5,-3.4733512063982777
DOW,51564.69921875,0.14011432023730983
COBRE,6.369999885559082,-1.7202848207172514
