Indicador,Valor,Variacion
USD,897.19,1.5541167681615486
UF,40795.85,0.006667789404738407
EUR,1028.3,0.7979140526976147
F&G Index,37.0,0.0
S&P500,7500.580078125,1.0846212235623454
NASDAQ,30406.189453125,2.477980158148694
IPSA,10888.4296875,0.4665083615674529
BTC,63321.171875,-1.429807817489155
VIX,16.78,2.3170755506626186
ORO,4157.0,-1.5885063351950544
DOW,51564.69921875,0.14011432023730983
COBRE,6.325500011444092,-0.7686844133825593
