Indicador,Valor,Variacion
USD,912.66,0.0
UF,39666.58,0.0
F&G Index,50.0,0.0
S&P500,6816.509765625,-0.15965630269072792
NASDAQ,25067.265625,-0.5138160441513137
DOW,48416.55859375,-0.08562496186093949
IPSA,10302.23046875,0.0
BTC,86313.390625,-2.111466139449142
VIX,16.5,0.0
GOLD,4337.0,0.0
