Indicador,Valor,Variacion
USD,923.25,1.0308263024851403
UF,39841.72,0.0
EUR,1064.63,0.6456797126110942
F&G Index,10.0,0.0
S&P500,6368.85009765625,-1.672184352107435
NASDAQ,23132.76953125,-1.9257255741897576
IPSA,10417.1904296875,0.18947067867752793
BTC,66292.0,-0.06990674703744251
VIX,31.049999237060547,13.155971693667858
ORO,4492.0,2.6625528511027308
DOW,45166.640625,-1.7264292030419042
COBRE,5.4670000076293945,0.37639188039927374
