Indicador,Valor,Variacion
USD,927.35,0.5573567842465367
UF,40825.75,0.00666290571768231
EUR,1055.13,0.15757449191719572
F&G Index,31.0,0.0
S&P500,7483.240234375,0.00013702513856667139
NASDAQ,29329.212890625,-1.6099696801427046
IPSA,10794.259765625,-0.16601782038409085
BTC,61506.16015625,2.5038470897851317
VIX,16.149999618530273,-2.652203315314503
ORO,4141.10009765625,1.7894464015527831
DOW,52900.0703125,1.137232236762854
COBRE,6.178999900817871,0.90634492844133
