Indicador,Valor,Variacion
USD,865.67,0.9421751652887658
UF,39685.56,-0.006450292934018914
EUR,1021.56,0.9187362930472364
F&G Index,45.0,0.0
S&P500,6932.2998046875,1.9695796697335792
NASDAQ,25075.76953125,2.1470803120934168
IPSA,11210.7802734375,-0.36296856207947137
BTC,71203.015625,2.7727948695164644
VIX,20.3700008392334,-6.430866279706494
ORO,4999.7001953125,0.9795604719420737
DOW,50115.671875,2.4677668028259276
COBRE,5.940000057220459,1.3046804369742624
