Indicador,Valor,Variacion
USD,872.22,-0.6820692089591338
UF,39724.02,-0.006469218727305085
EUR,1024.21,-0.35607615749071914
F&G Index,52.0,0.0
S&P500,6915.60986328125,0.03268698377890773
NASDAQ,25605.470703125,0.3414056750676118
IPSA,11500.099609375,-0.06604782718093397
BTC,89190.953125,-0.34961824278557774
VIX,16.09000015258789,2.8772365689701336
ORO,4976.2001953125,1.373052340831626
DOW,49098.7109375,-0.5777189242438109
COBRE,5.910999774932861,2.9342612386805667
