Indicador,Valor,Variacion
USD,883.96,-0.19758160120129614
UF,39749.68,-0.006465042859208494
EUR,1029.42,-0.406338886631433
F&G Index,56.0,0.0
S&P500,6926.60009765625,-0.5333360445499638
NASDAQ,25465.943359375,-1.072202641025964
IPSA,11219.98046875,-0.30654458102970794
BTC,97228.1015625,1.9998790281733223
VIX,16.75,4.818526156577811
ORO,4630.5,0.8999346929707804
DOW,49149.62890625,-0.08611031283755953
COBRE,6.1020002365112305,2.211062830126876
