Indicador,Valor,Variacion
USD,920.02,0.0
UF,39643.59,0.0
F&G Index,32.0,0.0
S&P500,6840.509765625,-0.08763589340257481
NASDAQ,25668.6875,0.15896036355571883
DOW,47560.2890625,-0.375018430987428
IPSA,10179.9697265625,0.0
BTC,92846.40625,2.4340227061908406
VIX,16.93000030517578,1.620651021828266
GOLD,4236.39990234375,1.1750025013451288
