Indicador,Valor,Variacion
USD,980.0,0.0
UF,39841.72,0.0
EUR,1043.94,-2.269280458349717
F&G Index,36.0,0.0
S&P500,6824.66015625,0.6170023529293196
NASDAQ,25082.0859375,0.7184467527077336
IPSA,10958.330078125,0.930528540750818
BTC,71847.34375,1.0179276982443575
VIX,19.489999771118164,-7.366925270736522
ORO,4782.60009765625,0.6969175209232551
DOW,48185.80078125,0.5758283367060907
COBRE,5.745999813079834,-0.23439905478697065
