Indicador,Valor,Variacion
USD,899.3,-1.0692834041055232
UF,40779.55,0.006645929405040712
EUR,1040.98,-0.9090649481690151
F&G Index,41.0,0.0
S&P500,7554.2900390625,1.6528391294663536
NASDAQ,30543.91796875,3.0637410777635847
IPSA,10878.98046875,-0.38613076797477086
BTC,66248.84375,0.8194217738797286
VIX,16.200000762939453,-8.371037990327759
ORO,4335.89990234375,2.8683250852609725
DOW,51671.03125,0.9155250481412602
COBRE,6.475500106811523,0.699791246098841
