Indicador,Valor,Variacion
USD,916.97,-0.48295022899437084
UF,40812.16,0.00666512453981521
EUR,1043.08,-0.3125149328618514
F&G Index,25.0,0.0
S&P500,7354.02,-0.04716600721787232
NASDAQ,29118.238,-1.094017690980239
IPSA,10762.98046875,0.5393642095914256
BTC,59969.578125,-0.0780645612275701
VIX,18.41,-2.5410238494315305
ORO,4078.699951171875,1.1958801928265725
DOW,51876.11,-0.08572912421372689
COBRE,6.141499996185303,1.1695922969569534
