Indicador,Valor,Variacion
USD,887.71,-0.573457433105967
UF,40226.79,0.03317298068184596
EUR,1042.89,-0.573929126426479
F&G Index,67.0,0.0
S&P500,7398.93017578125,0.8425703533400979
NASDAQ,29234.994140625,2.349272212802113
IPSA,10758.900390625,-1.030451259461389
BTC,80165.5625,0.19443860478754654
VIX,17.190000534057617,0.6440316794081948
ORO,4723.7001953125,0.5085406106269071
DOW,49609.16015625,0.02458095032269487
COBRE,6.28249979019165,2.5295753818646554
