Indicador,Valor,Variacion
USD,866.74,0.3996339584612408
UF,39750.94,0.014265848489658091
EUR,1019.69,0.033354588708493824
F&G Index,43.0,0.0
S&P500,6909.509765625,0.6939724763506775
NASDAQ,25012.619140625,0.8681548030211783
IPSA,10855.080078125,0.42491487156877533
BTC,67971.703125,-0.04958244367923789
VIX,19.09000015258789,-5.635192365023732
ORO,5059.2998046875,1.6760767696405419
DOW,49625.96875,0.4672696535852726
COBRE,5.830999851226807,1.7626497699323131
