Indicador,Valor,Variacion
USD,917.45,0.0
UF,39678.08,0.0
F&G Index,44.0,0.0
S&P500,6774.759765625,0.7934262269941882
NASDAQ,25019.3671875,1.5082915622521709
DOW,47951.8515625,0.1375827078782864
IPSA,10194.259765625,0.0
BTC,85472.0703125,-0.77972858052233
VIX,16.8700008392334,-4.256526471497209
GOLD,4366.89990234375,0.44623122124784365
