Indicador,Valor,Variacion
USD,901.55,-0.6151268285692284
UF,39747.15,0.00966200349191797
EUR,1057.78,-0.8250670366967274
F&G Index,47.0,0.0
S&P500,6902.0498046875,0.6354126864826347
NASDAQ,25401.3203125,0.7742167541909653
IPSA,10693.5703125,2.5405104281642044
BTC,94068.1015625,2.903957951365734
VIX,14.899999618530273,2.687797267378069
ORO,4465.60009765625,3.5045475323314874
DOW,48977.1796875,1.229350296288713
COBRE,5.994999885559082,6.294326728321262
