Indicador,Valor,Variacion
USD,928.99,-0.7181712282651704
UF,40844.79,0.0
EUR,1062.19,-0.6500551845408501
F&G Index,50.0,0.0
S&P500,7575.39013671875,0.4208843399813908
NASDAQ,29825.109375,0.3296983792999798
IPSA,11056.8701171875,0.28579352166511707
BTC,63912.91015625,-0.33407145034388475
VIX,15.029999732971191,-5.113638963471625
ORO,4104.10009765625,-0.6415532700693153
DOW,52637.01171875,0.2850237076941889
COBRE,6.233500003814697,0.29766453375070967
