Indicador,Valor,Variacion
USD,886.53,-0.40443530720232135
UF,40784.98,0.006645044525492091
EUR,1029.17,-0.3118976355834546
F&G Index,33.0,0.0
S&P500,7420.10009765625,-1.214828210822879
NASDAQ,29670.947265625,-0.991665430001389
IPSA,10811.509765625,-0.8373970406316391
BTC,64537.58984375,-1.6204884146281917
VIX,18.440000534057617,12.370510088491214
ORO,4294.0,-0.8520146661385756
DOW,51492.55078125,-0.9752390264481837
COBRE,6.392499923706055,-1.4871308709703899
