Indicador,Valor,Variacion
USD,862.17,-0.09386080789822002
UF,39713.76,-0.006445712996565824
EUR,1032.04,0.6829001795051901
F&G Index,63.0,0.0
S&P500,6978.02978515625,-0.008172305219087399
NASDAQ,26022.791015625,0.32016813005683925
IPSA,11627.580078125,0.011868734318340287
BTC,89324.9140625,0.24953685311231463
VIX,16.350000381469727,0.0
ORO,5483.0,7.93519764966764
DOW,49015.6015625,0.024878689485337953
COBRE,6.005499839782715,3.0368028143087966
