Indicador,Valor,Variacion
USD,894.18,-0.09943356385535208
UF,40093.59,0.03318339263512224
EUR,1048.15,-0.04100783917296118
F&G Index,64.0,0.0
S&P500,7138.7998046875,-0.48941721875219507
NASDAQ,27029.01171875,-1.0132249843854029
IPSA,10905.4501953125,-2.017784970998454
BTC,76319.171875,-1.353882407304183
VIX,17.829999923706055,-1.0543869546671296
ORO,4603.89990234375,-1.5292809490832533
DOW,49141.9296875,-0.052594138343557945
COBRE,5.978000164031982,-0.6646720009356087
