Indicador,Valor,Variacion
USD,909.02,-0.7587584746225362
UF,40776.84,0.006670898108883498
EUR,1050.53,-0.7013563968051488
F&G Index,34.0,0.0
S&P500,7431.4599609375,0.5025513873057041
NASDAQ,29635.94921875,0.6444623148535557
IPSA,10922.98046875,1.6898129102262742
BTC,65684.2421875,1.9604036148987207
VIX,17.68000030517578,-9.053498871043908
ORO,4314.39990234375,2.3582420484875444
DOW,51202.26171875,0.6952220433147324
COBRE,6.5295000076293945,1.5395377753205313
