Indicador,Valor,Variacion
USD,857.58,-0.8990477951372807
UF,39779.29,0.014255680021074907
EUR,1012.85,-0.6883230215615698
F&G Index,44.0,0.0
S&P500,6908.85986328125,-0.5365580569328385
NASDAQ,25034.37109375,-1.163360236536806
IPSA,11049.6904296875,-0.7508105580476049
BTC,67593.28125,-0.5397926357551579
VIX,18.6299991607666,3.9040649396350227
ORO,5200.7998046875,-0.1075618039584132
DOW,49499.19921875,0.03445844974079194
COBRE,6.019499778747559,0.6689516360550944
