Indicador,Valor,Variacion
USD,905.14,0.3982030946702936
UF,39751.0,0.00968622907554012
EUR,1060.38,0.245797802945805
F&G Index,52.0,0.0
S&P500,6944.81982421875,0.6196712678341282
NASDAQ,25639.705078125,0.9384739166794048
IPSA,10927.7900390625,2.190285561490294
BTC,93478.3046875,-0.4305911799541432
VIX,14.75,-1.0067088749702218
ORO,4509.10009765625,1.627266715536245
DOW,49462.078125,0.9900497345782371
COBRE,6.065999984741211,2.3883871458963957
