Indicador,Valor,Variacion
USD,901.76,0.6394875171590257
UF,40160.14,0.03317821934589018
EUR,1052.6,0.28773414127555613
F&G Index,67.0,0.0
S&P500,7230.1201171875,0.29283288896571213
NASDAQ,27710.359375,0.940693259606481
IPSA,10908.2998046875,0.4800963017175557
BTC,78620.0,-0.047357363752228814
VIX,16.989999771118164,0.5920685913761188
ORO,4628.39990234375,-0.03239810863385339
DOW,49499.26953125,-0.30788419557691526
COBRE,5.984499931335449,0.885026461567746
