Indicador,Valor,Variacion
USD,980.0,0.0
UF,37000.0,0.0
EUR,37000.0,0.0
F&G Index,50.0,0.0
S&P500,7498.9599609375,-0.13636917526039996
NASDAQ,28998.099609375,-0.5387724576170132
IPSA,10887.7197265625,-0.5449720105508266
BTC,66020.921875,-0.7280688894276944
VIX,16.639999389648438,-2.4046912947709562
ORO,4128.5,1.4099359133123592
DOW,52218.578125,-0.011608504965178974
COBRE,6.4770002365112305,-0.5221919685860186
