Indicador,Valor,Variacion
USD,895.54,-0.15052013067377523
UF,39754.82,-0.006439056094736806
EUR,1041.57,-0.31296657861490584
F&G Index,56.0,0.0
S&P500,6977.27001953125,0.1577633215137008
NASDAQ,25787.6640625,0.08307102804092531
IPSA,11066.16015625,1.2536177170965335
BTC,91038.5390625,0.23239461152089963
VIX,15.119999885559082,4.3478269454265295
ORO,4611.60009765625,2.7013851690286375
DOW,49590.19921875,0.17398348399697564
COBRE,6.006999969482422,2.5873066775766596
