Indicador,Valor,Variacion
USD,907.51,0.6566177530806641
UF,40441.84,0.04168213770738978
EUR,1053.53,0.3763410125955188
F&G Index,58.0,0.0
S&P500,7445.72021484375,0.17153304306988967
NASDAQ,29357.271484375,0.2033342795289359
IPSA,10599.6904296875,2.4039555135862516
BTC,77649.4921875,0.24751389239802535
VIX,16.760000228881836,-3.8990841992684926
ORO,4535.2001953125,0.08607664010589539
DOW,50285.66015625,0.5525138501439653
COBRE,6.343999862670898,0.8504840194555316
