Indicador,Valor,Variacion
USD,868.52,0.3953300196509027
UF,39698.37,-0.006473398362859189
EUR,1025.17,-0.1966530047994998
F&G Index,41.0,0.0
S&P500,6917.81005859375,-0.8403983020698361
NASDAQ,25338.62109375,-1.554039984920514
IPSA,11609.400390625,1.1033147237758536
BTC,75663.609375,-3.8444576248872884
VIX,18.0,10.159117698350832
ORO,4950.7998046875,7.102213189561925
DOW,49240.98828125,-0.3373401502376474
COBRE,6.076499938964844,4.740155180231957
