Indicador,Valor,Variacion
USD,887.71,-0.573457433105967
UF,40240.14,0.03318683892002952
EUR,1042.89,-0.573929126426479
F&G Index,67.0,0.0
S&P500,7398.93017578125,0.8425703533400979
NASDAQ,29234.990234375,2.349258537347189
IPSA,10758.900390625,-1.030451259461389
BTC,80651.5390625,0.5796136480595204
VIX,17.190000534057617,0.6440316794081948
ORO,4720.39990234375,0.43831862020386086
DOW,49609.16015625,0.02458095032269487
COBRE,6.249000072479248,1.9828643675917579
