Indicador,Valor,Variacion
USD,903.05,0.14305358410219612
UF,40173.46,0.033167215054528465
EUR,1059.54,0.659319779593393
F&G Index,63.0,0.0
S&P500,7200.75,-0.4062189384334172
NASDAQ,27651.818359375,-0.2112603984407907
IPSA,10717.33984375,-1.750593257946953
BTC,79769.1171875,1.5672503427620288
VIX,18.290000915527344,7.651566579883612
ORO,4529.7001953125,-2.164187328985814
DOW,48941.8984375,-1.1260188261932211
COBRE,5.863999843597412,-1.146330323385936
