Indicador,Valor,Variacion
USD,921.7,-0.6092629535773955
UF,40828.47,0.0066624618041338235
EUR,1053.85,-0.12131206581181467
F&G Index,32.0,0.0
S&P500,7483.240234375,0.00013702513856667139
NASDAQ,29329.2109375,-1.609976232245848
IPSA,10821.1396484375,0.2609027206991813
BTC,62535.01953125,1.7072678130577068
VIX,15.8100004196167,-2.1052582473343473
ORO,4187.2998046875,1.8138839650900351
DOW,52900.0703125,1.137232236762854
COBRE,6.223999977111816,1.7908239515197493
