Indicador,Valor,Variacion
USD,923.67,0.34219788815017355
UF,39841.72,0.0
EUR,1067.95,0.4118205665823697
F&G Index,16.0,0.0
S&P500,6581.0,1.1453200463990563
NASDAQ,24188.58984375,1.2153218905130685
IPSA,10227.6396484375,-0.48078151988193507
BTC,70420.6875,3.7961066476343728
VIX,26.149999618530273,-2.3525057952272554
ORO,4439.0,-2.875019804642625
DOW,46208.46875,1.3844559983379947
COBRE,5.497000217437744,2.8919045683095423
