Indicador,Valor,Variacion
USD,890.33,-0.42944853886843876
UF,39894.61,0.03317337564548469
EUR,1044.25,-0.19592850998757091
F&G Index,41.0,0.0
S&P500,6886.240234375,1.0173274948748265
NASDAQ,25383.716796875,1.0645538115360969
IPSA,11132.83984375,0.5176292499234216
BTC,74631.34375,5.480919867373876
VIX,19.1200008392334,-0.5720161498773365
ORO,4781.39990234375,0.40950041789837566
DOW,48218.25,0.6295936573350718
COBRE,6.004000186920166,2.274083931298736
