Indicador,Valor,Variacion
USD,865.67,0.9421751652887658
UF,39690.68,-0.006474652491291867
EUR,1021.56,0.9187362930472364
F&G Index,45.0,0.0
S&P500,6932.2998046875,1.9695796697335792
NASDAQ,25075.771484375,2.147088268220785
IPSA,11210.7802734375,-0.36296856207947137
BTC,71101.125,13.395129760723092
VIX,17.760000228881836,-18.419844485817542
ORO,4988.60009765625,2.6165342878123434
DOW,50115.671875,2.4677668028259276
COBRE,5.887499809265137,1.5261256449101517
