Indicador,Valor,Variacion
USD,887.01,0.2758402387600688
UF,39736.85,-0.006467130119160543
EUR,1028.78,0.18307527509980345
F&G Index,62.0,0.0
S&P500,6940.009765625,-0.06423023039562939
NASDAQ,25529.259765625,-0.0697165923807922
IPSA,11143.400390625,-0.1194801484389853
BTC,92374.7109375,-1.345358490679385
VIX,18.84000015258789,18.78941084753447
ORO,4674.2001953125,1.8699392989901185
DOW,49359.328125,-0.1681010866091529
COBRE,5.89900016784668,1.9089632702339265
