Indicador,Valor,Variacion
USD,901.76,0.6394875171590257
UF,40120.2,0.033186317862087214
EUR,1052.6,0.28773414127555613
F&G Index,67.0,0.0
S&P500,7209.009765625,1.023823994182187
NASDAQ,27452.119140625,0.9752413372267028
IPSA,10908.2998046875,0.4800963017175557
BTC,76314.9921875,0.7111201838887059
VIX,16.889999389648438,-10.20733721853805
ORO,4645.0,2.1957185690175827
DOW,49652.140625,1.6174841947031262
COBRE,6.027500152587891,2.534663064275556
