Indicador,Valor,Variacion
USD,884.57,0.207309060425498
UF,39739.42,-0.006441551226196952
EUR,1026.9,-0.14197362791238566
F&G Index,62.0,0.0
S&P500,6940.009765625,-0.06423023039562939
NASDAQ,25529.259765625,-0.0697165923807922
IPSA,11156.73046875,0.6155036318307534
BTC,94964.2578125,-0.14265423128140714
VIX,15.859999656677246,0.1262594942973407
ORO,4595.39990234375,0.15255862934755116
DOW,49359.328125,-0.1681010866091529
COBRE,5.830999851226807,0.7342147413983138
