Indicador,Valor,Variacion
USD,907.66,1.3986638961503208
UF,39830.36,0.014262512592694508
EUR,1051.14,0.9527285299936683
F&G Index,27.0,0.0
S&P500,6740.02001953125,-1.327679581256924
NASDAQ,24643.01953125,-1.5083310890718125
IPSA,10314.0302734375,0.15634779442166397
BTC,67338.8125,-1.1707084733756496
VIX,29.489999771118164,24.168420088918584
ORO,5146.10009765625,1.5951729627923756
DOW,47501.55078125,-0.9450317450219375
COBRE,5.756999969482422,0.06953219314019203
