Indicador,Valor,Variacion
USD,856.38,0.037380557437568636
UF,39699.97,0.014258970618215794
EUR,1018.05,-0.05693922228876441
F&G Index,37.0,0.0
S&P500,6832.759765625,-1.5661012127701976
NASDAQ,24687.611328125,-2.0381855600751604
IPSA,10974.83984375,-2.166022114645991
BTC,66295.9921875,-1.0388955205917874
VIX,20.81999969482422,17.960340763780216
ORO,4927.7001953125,-2.837366897485683
DOW,49451.98046875,-1.3355931590471197
COBRE,5.766499996185303,-3.067740615008532
