Indicador,Valor,Variacion
USD,935.71,0.9004054520358893
UF,40844.79,0.0066597995645205155
EUR,1069.14,0.9117680371503077
F&G Index,50.0,0.0
S&P500,7543.64013671875,0.8142795337428278
NASDAQ,29727.09765625,1.6222070837682412
IPSA,11025.2900390625,0.7263066413322974
BTC,63192.78125,1.50215783860134
VIX,15.84000015258789,-6.2721863305850585
ORO,4133.2001953125,1.5303813521153318
DOW,52487.41015625,0.26556600802854197
COBRE,6.247499942779541,3.1877089189772208
