Indicador,Valor,Variacion
USD,906.32,2.500537202700717
UF,39813.33,0.014268614198527898
EUR,1050.68,1.5610953766444753
F&G Index,37.0,0.0
S&P500,6869.5,0.7756049264286315
NASDAQ,25093.677734375,1.5113124838968448
IPSA,10494.9697265625,2.400338830111859
BTC,72738.1171875,6.507880090880523
VIX,21.149999618530273,-10.267289383229638
ORO,5158.2998046875,0.996591285526563
DOW,48739.41015625,0.4909987456030669
COBRE,5.9039998054504395,2.2603245961502676
