Indicador,Valor,Variacion
USD,933.0,-0.09850950830905851
UF,40844.79,0.0
EUR,1065.07,-0.2808804666360819
F&G Index,50.0,0.0
S&P500,7509.2001953125,0.8856366018608045
NASDAQ,29155.1796875,1.926110962334434
IPSA,10887.7197265625,-0.5449720105508266
BTC,66426.84375,1.8347629994741563
VIX,17.049999237060547,-8.579090692741879
ORO,4086.0,1.8876380881773611
DOW,52224.640625,0.7434112552390197
COBRE,6.53000020980835,3.6672556162168544
