Indicador,Valor,Variacion
USD,906.44,-0.2157639806252667
UF,39701.09,0.009648021047282533
EUR,1067.15,-0.0870721294284919
F&G Index,58.0,0.0
S&P500,6932.0498046875,0.32214822012189737
NASDAQ,25656.146484375,0.266987884636625
IPSA,10386.990234375,-0.16090607523217895
BTC,87592.46875,0.20416495069439677
VIX,13.470000267028809,-3.7857123783656528
ORO,4502.7998046875,0.4461497472871024
DOW,48731.16015625,0.59606860820641
COBRE,5.574999809265137,1.8078886074926481
