Indicador,Valor,Variacion
USD,905.04,-0.15445037730021743
UF,39716.44,0.00966947517917181
EUR,1066.01,-0.10682659419951272
F&G Index,56.0,0.0
S&P500,6929.93994140625,-0.0304363549122699
NASDAQ,25644.390625,-0.04583604884580474
IPSA,10483.150390625,1.2329780051887962
BTC,87664.2109375,-0.15710925379466406
VIX,13.600000381469727,
ORO,4552.7001953125,0.5210769721884209
DOW,48710.96875,-0.0414342818542775
COBRE,5.8394999504089355,1.2659317484076003
