Indicador,Valor,Variacion
USD,916.97,-0.48295022899437084
UF,40809.44,0.006665568808277568
EUR,1043.08,-0.3125149328618514
F&G Index,25.0,0.0
S&P500,7354.02001953125,-0.047165741757111364
NASDAQ,29118.23828125,-1.0940167356577568
IPSA,10762.98046875,0.5393642095914256
BTC,59992.69921875,0.4538108382837602
VIX,18.40999984741211,-2.541024657202286
ORO,4103.0,1.7987842699416945
DOW,51876.109375,-0.08573032797436653
COBRE,6.197500228881836,2.092090174342288
