Indicador,Valor,Variacion
USD,980.0,0.0
UF,37000.0,0.0
EUR,37000.0,0.0
F&G Index,26.0,0.0
S&P500,7358.22021484375,-0.09829319733113452
NASDAQ,29220.056640625,-0.4334743662933932
IPSA,10675.080078125,-0.8844638795708846
BTC,60979.37890625,-2.694581123882403
VIX,18.6299991607666,-4.4125224240688805
ORO,4027.5,-2.4794766160225157
DOW,51848.8984375,0.3523702906943382
COBRE,5.980999946594238,-2.6054364562635253
