Indicador,Valor,Variacion
USD,894.17,-0.12398355821642544
UF,39854.94,0.033181298397762855
EUR,1046.3,0.22606663218191655
F&G Index,38.0,0.0
S&P500,6816.89013671875,-0.1138521091652343
NASDAQ,25116.337890625,0.1365438330232837
IPSA,11076.650390625,1.0796393300621852
BTC,72905.4375,1.5851244279241592
VIX,19.229999542236328,-1.3340186348648655
ORO,4771.0,-0.44238960077746775
DOW,47916.5703125,-0.5587340344767345
COBRE,5.868000030517578,2.087680628615372
