Indicador,Valor,Variacion
USD,854.41,-0.2300380672131562
UF,39705.63,0.014256937725636104
EUR,1013.9,-0.4076420608025124
F&G Index,36.0,0.0
S&P500,6836.169921875,0.0499089148012519
NASDAQ,24732.732421875,0.18277608896669445
IPSA,10897.740234375,-0.7025123871753538
BTC,68876.1328125,4.008177532054897
VIX,20.600000381469727,-1.056672990293959
ORO,5063.7998046875,2.8454130799511055
DOW,49500.9296875,0.09898333350053046
COBRE,5.788000106811523,0.29457977185849327
