Indicador,Valor,Variacion
USD,881.22,0.5591564725214507
UF,40000.61,0.03316048700402012
EUR,1038.44,0.5353806236748576
F&G Index,68.0,0.0
S&P500,7064.009765625,-0.634821795967298
NASDAQ,26479.470703125,-0.41695270266002094
IPSA,11128.4599609375,-1.8961422786817432
BTC,75803.3203125,-0.09120973161912307
VIX,19.5,3.3386281544659195
ORO,4749.39990234375,-1.1900344141463202
DOW,49149.37890625,-0.5929702989461809
COBRE,6.013500213623047,-0.37275616548651574
