Indicador,Valor,Variacion
USD,854.41,-0.2300380672131562
UF,39711.29,0.0142549054126669
EUR,1013.9,-0.4076420608025124
F&G Index,36.0,0.0
S&P500,6836.169921875,0.0499089148012519
NASDAQ,24732.73046875,0.1827681776093397
IPSA,10897.740234375,-0.7025123871753538
BTC,69911.1328125,1.5296573420511734
VIX,20.600000381469727,-1.056672990293959
ORO,5022.0,1.9964620262843007
DOW,49500.9296875,0.09898333350053046
COBRE,5.792500019073486,0.37255434010231137
