Indicador,Valor,Variacion
USD,859.53,-1.0350941832082172
UF,39695.81,-0.006448627487740549
EUR,1015.87,-0.9071666162685279
F&G Index,41.0,0.0
S&P500,6882.72021484375,-0.5072391906223145
NASDAQ,24891.23828125,-1.7656086817206291
IPSA,11425.8798828125,-1.580792303112392
BTC,72693.0234375,-3.8878560625483027
VIX,18.639999389648438,3.5555521647135415
ORO,5018.39990234375,2.3390440374167385
DOW,49501.30078125,0.5286500313786795
COBRE,5.938000202178955,-2.053604912512081
