Indicador,Valor,Variacion
USD,896.89,0.1742374320083037
UF,39759.95,-0.006463373045772022
EUR,1044.84,-0.15289935400024238
F&G Index,51.0,0.0
S&P500,6966.27978515625,0.647548703188326
NASDAQ,25766.259765625,1.0160314587658843
IPSA,10929.150390625,0.11973448716441645
BTC,90398.2734375,-0.12686354021435262
VIX,14.489999771118164,-6.213592556624336
ORO,4490.2998046875,0.9124122433634816
DOW,49504.0703125,0.48301142614836323
COBRE,5.855500221252441,1.8968103315796059
