Indicador,Valor,Variacion
USD,905.04,-0.15445037730021743
UF,39712.6,0.009645224468050122
EUR,1066.01,-0.10682659419951272
F&G Index,56.0,0.0
S&P500,6929.93994140625,-0.0304363549122699
NASDAQ,25644.390625,-0.04583604884580474
IPSA,10483.150390625,1.2329780051887962
BTC,87398.0546875,0.18721038877948482
VIX,13.600000381469727,
ORO,4529.10009765625,1.0824442919012074
DOW,48710.96875,-0.0414342818542775
COBRE,5.766499996185303,4.874058965293261
