Indicador,Valor,Variacion
USD,980.0,0.0
UF,39841.72,0.0
EUR,1070.45,0.5466687957318445
F&G Index,9.0,0.0
S&P500,6343.72021484375,-0.3945748828622587
NASDAQ,22953.376953125,-0.7754911398856026
IPSA,10418.0595703125,0.008343330486913955
BTC,66612.2109375,0.9965731803089942
VIX,30.610000610351562,-1.4170648551379428
ORO,4531.0,0.8682101513802316
DOW,45216.140625,0.10959415912947368
COBRE,5.480500221252441,0.2469400695849066
