Indicador,Valor,Variacion
USD,886.97,-1.3809359677114443
UF,39921.09,0.033176430201070625
EUR,1045.96,-1.007940488922106
F&G Index,56.0,0.0
S&P500,7022.9501953125,0.7975783355387838
NASDAQ,26204.580078125,1.403065080585868
IPSA,11313.8701171875,-0.19538969566381498
BTC,74673.1484375,0.6626157974211516
VIX,18.170000076293945,-1.034861262207654
ORO,4836.2998046875,0.2341928432642487
DOW,48463.71875,-0.1488988558988888
COBRE,6.086999893188477,0.2718062180257724
