Indicador,Valor,Variacion
USD,858.45,0.05827845445538784
UF,39706.07,-0.006446961277681129
EUR,1026.24,0.22560135946793816
F&G Index,58.0,0.0
S&P500,6939.02978515625,-0.4301899620894176
NASDAQ,25552.390625,-1.2822836477407502
IPSA,11439.8603515625,-0.7253890313510671
BTC,78106.0390625,-7.158817763120993
VIX,17.440000534057617,3.3175438455743578
ORO,4713.89990234375,-11.366200569716554
DOW,48892.46875,-0.36495650205985053
COBRE,5.896999835968018,-4.509757653524116
