Indicador,Valor,Variacion
USD,980.0,0.0
UF,37000.0,0.0
EUR,1071.09,0.3287809812847741
F&G Index,16.0,0.0
S&P500,6575.31982421875,0.7168516684867307
NASDAQ,24019.98828125,1.1785871746199108
IPSA,10856.2900390625,2.032033211686134
BTC,68112.9375,-0.1764167612410727
VIX,24.540000915527344,-2.8118775622679455
ORO,4820.60009765625,3.7223512428972234
DOW,46565.73828125,0.48385681472984154
COBRE,5.630499839782715,0.7695703567134446
