Indicador,Valor,Variacion
USD,895.07,0.3239256652245175
UF,40080.29,0.03316944118601561
EUR,1048.58,0.5118668762700739
F&G Index,67.0,0.0
S&P500,7173.91015625,0.12323767534654974
NASDAQ,27305.677734375,0.007353635997450262
IPSA,11130.0302734375,-0.3900268288745708
BTC,77285.6484375,-1.7441311301513236
VIX,18.020000457763672,-3.687860291140319
ORO,4706.7001953125,-0.330339241898944
DOW,49167.7890625,-0.12781020993152298
COBRE,6.0854997634887695,1.0292985502519554
