Indicador,Valor,Variacion
USD,924.5,-0.030277471398599962
UF,40844.79,0.0
EUR,1060.81,0.42791278910147607
F&G Index,50.0,0.0
S&P500,7457.68994140625,-1.0098540030789749
NASDAQ,28592.66015625,-1.4921546680569542
IPSA,10887.7197265625,-0.5449720105508266
BTC,64639.19921875,-0.24291759128474738
VIX,18.770000457763672,12.193669882519634
ORO,4010.0,-0.06728514976771444
DOW,52146.421875,-0.7735944984078563
COBRE,6.288000106811523,1.0932527156528702
