Indicador,Valor,Variacion
USD,907.51,0.6566177530806641
UF,37000.0,0.0
EUR,37000.0,0.0
F&G Index,61.0,0.0
S&P500,7432.97021484375,1.0792026370445584
NASDAQ,29297.697265625,1.6616124190677675
IPSA,10599.6904296875,2.4039555135862516
BTC,77457.34375,0.920428871157466
VIX,17.440000534057617,-3.432995294678508
ORO,4545.2001953125,0.8632446199992155
DOW,50009.3515625,1.3075809084530352
COBRE,6.335000038146973,2.7575032821711165
