Indicador,Valor,Variacion
USD,911.18,0.7340747783403705
UF,39727.96,0.009666671030085769
EUR,1070.72,0.5918716296198826
F&G Index,46.0,0.0
S&P500,6845.5,-0.7357666300846107
NASDAQ,25249.845703125,-0.8354024072261119
IPSA,10481.400390625,-0.38282192645393626
BTC,87536.0390625,-1.0110736256562716
VIX,14.949999809265137,4.326586802930954
ORO,4332.10009765625,-0.8695452998978208
DOW,48063.2890625,-0.6280504543421896
COBRE,5.693999767303467,-0.5849008253632912
