Indicador,Valor,Variacion
USD,926.25,0.4892919912339695
UF,40839.35,0.006660686741293697
EUR,1059.54,0.4893871279804106
F&G Index,50.0,0.0
S&P500,7503.85009765625,-0.4455109678215951
NASDAQ,29173.017578125,-1.7673037752800682
IPSA,11025.2099609375,1.333722638324593
BTC,63377.44140625,-0.9650348745422312
VIX,16.1299991607666,3.596656884511937
ORO,4113.0,-1.0132150048562543
DOW,52925.1484375,-0.246460231037232
COBRE,6.169000148773193,-0.14567537330568636
