Indicador,Valor,Variacion
USD,892.89,-0.21234032566300218
UF,40576.86,0.041666707758098026
EUR,37000.0,0.0
F&G Index,60.0,0.0
S&P500,7580.06005859375,0.2172260678511746
NASDAQ,30333.1796875,0.3615982596548984
IPSA,10788.1904296875,-1.0087032104429565
BTC,73356.0,-0.24553052324423258
VIX,15.319999694824219,-2.668361387556162
ORO,4569.89990234375,1.5691352148326898
DOW,51032.4609375,0.717386196063049
COBRE,6.394000053405762,-0.03126727751923005
