Indicador,Valor,Variacion
USD,910.29,1.7095163074447708
UF,40746.28,0.041665326517933074
EUR,1048.84,0.8771592351786914
F&G Index,40.0,0.0
S&P500,7405.72998046875,0.2978131054960025
NASDAQ,29414.2578125,1.5769891471845523
IPSA,10163.75,-1.0605799180454492
BTC,63083.98046875,-0.2459523153447425
VIX,18.920000076293945,-12.040911785348353
ORO,4340.0,0.06686270269199215
DOW,50786.01171875,-0.1587864009972127
COBRE,6.324999809265137,0.9818726517854804
