Indicador,Valor,Variacion
USD,901.76,0.6394875171590257
UF,40146.82,0.03318923094173124
EUR,1052.6,0.28773414127555613
F&G Index,67.0,0.0
S&P500,7230.1201171875,0.29283288896571213
NASDAQ,27710.359375,0.940693259606481
IPSA,10908.2998046875,0.4800963017175557
BTC,78791.0625,0.7828988603077554
VIX,16.989999771118164,0.5920685913761188
ORO,4629.89990234375,0.3293758291533108
DOW,49499.26953125,-0.30788419557691526
COBRE,5.932000160217285,0.10124944046467724
