Indicador,Valor,Variacion
USD,857.59,-0.2257047456167837
UF,39693.25,-0.006449043362505191
EUR,1012.26,-0.35536042997627787
F&G Index,33.0,0.0
S&P500,6798.39990234375,-1.2251015567674681
NASDAQ,24548.689453125,-1.3761900894634196
IPSA,11251.6201171875,-1.5251321334747452
BTC,64496.49609375,-11.672475601084553
VIX,21.770000457763672,16.791851773629634
ORO,4792.7998046875,-2.5932871349637625
DOW,48908.71875,-1.1971039586791161
COBRE,5.73799991607666,-1.5104753573577625
