Indicador,Valor,Variacion
USD,901.76,0.6394875171590257
UF,40133.5,0.0331503830987954
EUR,1052.6,0.28773414127555613
F&G Index,67.0,0.0
S&P500,7230.1201171875,0.29283288896571213
NASDAQ,27710.357421875,0.9406861449462612
IPSA,10908.2998046875,0.4800963017175557
BTC,78135.640625,2.400021787757144
VIX,16.989999771118164,0.5920685913761188
ORO,4625.60009765625,0.23619957705642186
DOW,49499.26953125,-0.30788419557691526
COBRE,5.9644999504089355,0.6496765336659016
