Indicador,Valor,Variacion
USD,914.99,0.0
UF,39681.92,0.0
F&G Index,45.0,0.0
S&P500,6834.5,0.8818059450332215
NASDAQ,25346.177734375,1.3062223588177815
DOW,48134.890625,0.38171427491476234
IPSA,10304.259765625,0.0
BTC,88205.8671875,3.2100150641715057
VIX,14.90999984741211,-11.618262562637518
GOLD,4368.7001953125,0.6728930824403733
