Indicador,Valor,Variacion
USD,894.29,0.6675221756945326
UF,40678.43,0.041685644496946714
EUR,1037.1,0.4455205811137926
F&G Index,55.0,0.0
S&P500,7584.31005859375,0.4054961568363207
NASDAQ,30407.810546875,-0.534586383303599
IPSA,10304.0400390625,-0.5371819843720822
BTC,63810.6015625,-0.3183123319850439
VIX,15.399999618530273,-4.109588227644323
ORO,4489.60009765625,1.1923253773072215
DOW,51561.9296875,1.7260010681348255
COBRE,6.518499851226807,0.5786129446317082
