Indicador,Valor,Variacion
USD,914.99,0.0
UF,39689.59,0.0
F&G Index,45.0,0.0
S&P500,6834.5,0.8818059450332215
NASDAQ,25346.1796875,1.306230165269611
DOW,48134.890625,0.38171427491476234
IPSA,10304.259765625,0.0
BTC,88375.65625,0.03583293715475867
VIX,14.90999984741211,-11.618262562637518
GOLD,4378.39990234375,0.3897831058982796
