Indicador,Valor,Variacion
USD,892.18,0.2595884792160591
UF,40067.0,0.03315547220083137
EUR,1043.24,0.11900191938579742
F&G Index,66.0,0.0
S&P500,7165.080078125,0.7973689797975725
NASDAQ,27303.669921875,1.9454364481061253
IPSA,11173.509765625,1.650458870459048
BTC,78283.7578125,0.8655131323295019
VIX,18.709999084472656,-3.107200404267048
ORO,4697.10009765625,-0.5336320876162076
DOW,49230.7109375,-0.16144566592851617
COBRE,6.015500068664551,-0.13281143934209375
