Indicador,Valor,Variacion
USD,911.18,0.7340747783403705
UF,39724.12,0.009667605565730614
EUR,1070.72,0.5918716296198826
F&G Index,49.0,0.0
S&P500,6896.240234375,-0.13756671519023322
NASDAQ,25462.560546875,-0.2468114260774299
IPSA,10481.400390625,-0.38282192645393626
BTC,88347.4296875,1.3877838726260978
VIX,14.329999923706055,0.9154937759653786
ORO,4356.10009765625,0.7167464174250844
DOW,48367.05859375,-0.19576416862011692
COBRE,5.753499984741211,4.790092208782158
