Indicador,Valor,Variacion
USD,890.89,0.3582250960336089
UF,40273.69,0.04168228510334955
EUR,1049.34,0.6184736645283604
F&G Index,67.0,0.0
S&P500,7412.83984375,0.18799566475542911
NASDAQ,29320.65625,0.29302563448190394
IPSA,10702.1298828125,-0.5276608738005253
BTC,81731.21875,-0.49636748257026037
VIX,18.3799991607666,6.9226212317521725
ORO,4764.7001953125,0.9384860157029119
DOW,49704.46875,0.19211894224738768
COBRE,6.494999885559082,3.9366268239173703
