Indicador,Valor,Variacion
USD,931.57,0.1795892031401304
UF,39841.72,0.0
EUR,1067.58,-0.2681115418749235
F&G Index,15.0,0.0
S&P500,6528.52001953125,2.913114047102592
NASDAQ,23740.189453125,3.4278549141428054
IPSA,10640.080078125,2.1311119053799024
BTC,68205.265625,2.269886797934283
VIX,25.25,-17.510619090085676
ORO,4707.5,4.010163499779054
DOW,46341.51171875,2.488870297629476
COBRE,5.644999980926514,3.08619711382894
