Indicador,Valor,Variacion
USD,980.0,0.0
UF,37000.0,0.0
EUR,37000.0,0.0
F&G Index,37.0,0.0
S&P500,7500.58,1.084620170678974
NASDAQ,30406.193,2.4779921121814863
IPSA,10888.4296875,0.4665083615674529
BTC,64229.6796875,1.0840961404372458
VIX,16.78,
ORO,4172.89990234375,-1.212097112492872
DOW,51564.7,0.14011583744705225
COBRE,6.336999893188477,-0.5882799564192741
