Indicador,Valor,Variacion
USD,912.41,0.6908348507421499
UF,39841.72,0.0
EUR,1050.2,0.47068727996327037
F&G Index,17.0,0.0
S&P500,6606.490234375,-0.2748797741878944
NASDAQ,24355.275390625,-0.28583089590093946
IPSA,10473.4501953125,-1.3614563699168993
BTC,70084.34375,-1.629903785695472
VIX,24.059999465942383,-4.105223915430184
ORO,4642.7998046875,-5.0532751710891635
DOW,46021.4296875,-0.4407097800355224
COBRE,5.521500110626221,-0.5851600787184843
