Indicador,Valor,Variacion
USD,899.91,0.6329326251048328
UF,40307.26,0.04167238555420394
EUR,1056.23,0.29055138296760685
F&G Index,66.0,0.0
S&P500,7444.25,0.5849246488426663
NASDAQ,29366.943359375,1.0395480787878486
IPSA,10396.5,-2.294595942964946
BTC,79245.9765625,-1.5302609357294095
VIX,17.8700008392334,-0.667031314127177
ORO,4703.2998046875,0.5494207819117981
DOW,49693.19921875,-0.13536699929341314
COBRE,6.624000072479248,2.1434068789990257
