Indicador,Valor,Variacion
USD,895.33,-0.16614259271648815
UF,39758.68,0.009659201244436613
EUR,1046.44,-0.23548254855040252
F&G Index,46.0,0.0
S&P500,6921.4599609375,0.00765482590915168
NASDAQ,25507.1015625,-0.5722281052383222
IPSA,10916.080078125,0.36113814856251786
BTC,91247.5,-0.0663191081085313
VIX,15.449999809265137,0.45513455333783215
ORO,4489.7001953125,0.9080168205890894
DOW,49266.109375,0.5511282950261643
COBRE,5.809500217437744,0.008610813868844417
