Indicador,Valor,Variacion
USD,922.59,0.887946023379663
UF,39841.72,0.0
EUR,1068.18,1.1562828489445758
F&G Index,31.0,0.0
S&P500,6782.81005859375,2.5081414644149875
NASDAQ,24903.166015625,2.895571383644728
IPSA,10858.400390625,3.2363604356816884
BTC,71009.9921875,-1.2937195455024264
VIX,21.040000915527344,-18.386344627110763
ORO,4737.10009765625,1.7178071830635786
DOW,47909.921875,2.845285554078437
COBRE,5.744999885559082,3.6161965190069645
