Indicador,Valor,Variacion
USD,895.14,-1.2335598905463925
UF,39819.01,0.014266578555474488
EUR,1041.22,-0.9003692846537514
F&G Index,34.0,0.0
S&P500,6830.7099609375,-0.5646704863891113
NASDAQ,25020.4140625,-0.2919684395130622
IPSA,10297.9296875,-1.9007481255463679
BTC,70901.5234375,-2.4880213225508583
VIX,23.75,12.29314623340122
ORO,5098.10009765625,-0.43162565550625254
DOW,47954.73828125,-1.6099330551692759
COBRE,5.837500095367432,-0.2988885337155632
