Indicador,Valor,Variacion
USD,980.0,0.0
UF,37000.0,0.0
EUR,37000.0,0.0
F&G Index,34.0,0.0
S&P500,7431.4599609375,0.5025513873057041
NASDAQ,29635.94921875,0.6444623148535557
IPSA,10922.98046875,1.6898129102262742
BTC,64406.83984375,1.3591393502660807
VIX,17.68000030517578,-9.053498871043908
ORO,4215.0,3.048674906076919
DOW,51202.26171875,0.6952220433147324
COBRE,6.430500030517578,2.7400576897555204
