Indicador,Valor,Variacion
USD,889.87,0.23428964056815701
UF,40027.15,0.03316349226819313
EUR,1042.0,0.011517641187074408
F&G Index,66.0,0.0
S&P500,7108.39990234375,-0.4132868267081413
NASDAQ,26782.625,-0.5741273837292895
IPSA,10992.08984375,-0.08898514769093527
BTC,78218.1875,0.01929071507214238
VIX,19.309999465942383,2.0613075479692635
ORO,4709.2001953125,-0.4923360736925515
DOW,49310.3203125,-0.363125528436598
COBRE,6.0335001945495605,-1.4133936703761794
