Indicador,Valor,Variacion
USD,980.0,0.0
UF,39767.95,0.014259745668503552
EUR,1023.23,0.21939490102743506
F&G Index,43.0,0.0
S&P500,6890.06982421875,0.7651614086322255
NASDAQ,24977.044921875,1.085054537685113
IPSA,10991.759765625,0.6271921417618384
BTC,64126.5390625,-0.758625755166355
VIX,19.549999237060547,-6.949076515545527
ORO,5151.60009765625,-1.0202335516668846
DOW,49174.5,0.7590381147059763
COBRE,5.959499835968018,3.2305574245605264
