Indicador,Valor,Variacion
USD,910.01,0.7707214439953531
UF,40186.79,0.03318111011598639
EUR,1064.09,0.42943164014571933
F&G Index,67.0,0.0
S&P500,7259.22021484375,0.8120017337603721
NASDAQ,28015.060546875,1.3136214190238944
IPSA,10691.26953125,-0.23199001723909007
BTC,80816.2421875,1.2380832517450626
VIX,17.3799991607666,-4.975405736520187
ORO,4590.7001953125,1.5753998299037504
DOW,49298.25,0.7281114420910125
COBRE,6.0,3.5375309923577696
