Indicador,Valor,Variacion
USD,980.0,0.0
UF,37000.0,0.0
EUR,37000.0,0.0
F&G Index,42.0,0.0
S&P500,7383.740234375,-2.6445361894386843
NASDAQ,28957.599609375,-4.769205383151263
IPSA,10273.08984375,-0.3003695171521865
BTC,61126.73828125,-4.192429372242542
VIX,21.510000228881836,39.675329621434635
ORO,4353.89990234375,-2.7235333943239457
DOW,50866.78125,-1.3481815783720033
COBRE,6.2754998207092285,-3.616960989653491
