Indicador,Valor,Variacion
USD,916.97,-0.48295022899437084
UF,40817.59,0.006664237813311394
EUR,1043.08,-0.3125149328618514
F&G Index,27.0,0.0
S&P500,7440.43017578125,1.1750057250389132
NASDAQ,29774.751953125,2.254640780025461
IPSA,10762.98046875,0.5393642095914256
BTC,60131.21875,1.0059723972244865
VIX,17.649999618530273,-4.128192477897652
ORO,4027.800048828125,-1.2479442703091128
DOW,52182.73828125,0.5910792269201471
COBRE,6.178500175476074,0.6024616024383875
