Indicador,Valor,Variacion
USD,905.78,0.575172107483894
UF,40801.29,0.006666900334990085
EUR,1035.06,0.13834737768832522
F&G Index,28.0,0.0
S&P500,7365.4599609375,-1.4362785193208119
NASDAQ,29347.2734375,-3.2945727827887064
IPSA,10769.509765625,-1.213921017917867
BTC,62651.69140625,-2.0334186856997905
VIX,19.489999771118164,12.789346045458252
ORO,4100.2001953125,-1.953650468426117
DOW,51666.83984375,-0.08870371117352525
COBRE,6.116499900817871,-3.775666519910999
