Indicador,Valor,Variacion
USD,915.76,0.06665573949625893
UF,39841.72,0.0
EUR,1059.54,-0.18840552404996516
F&G Index,19.0,0.0
S&P500,6591.89990234375,0.5419124381509335
NASDAQ,24162.9765625,0.6687956811699066
IPSA,10409.9501953125,2.735784738634412
BTC,71338.9453125,1.164365941872438
VIX,25.329999923706055,-6.011134669284158
ORO,4508.5,2.4822176291814904
DOW,46429.48828125,0.6621916995426482
COBRE,5.513999938964844,1.6874099252651753
