Indicador,Valor,Variacion
USD,923.99,0.0
UF,39651.25,0.0
F&G Index,46.0,0.0
S&P500,6901.0,0.20793508415142145
NASDAQ,25686.685546875,-0.34820133483997806
DOW,48704.01171875,1.3447606655534228
IPSA,10362.8603515625,0.0
BTC,92645.828125,0.6790658478653084
VIX,14.850000381469727,-5.83386207729007
GOLD,4307.2998046875,2.6427391317450657
