Indicador,Valor,Variacion
USD,891.0,0.2035560453896181
UF,40340.86,0.04166247148725329
EUR,1040.4,-0.05379649554257084
F&G Index,63.0,0.0
S&P500,7408.5,-1.2363320128051742
NASDAQ,29125.19921875,-1.5385291916587753
IPSA,10421.349609375,-0.5811711070144115
BTC,79055.9375,-2.461791150660847
VIX,18.43000030517578,6.77867937878783
ORO,4543.60009765625,-2.8750988049055457
DOW,49526.171875,-1.073215979156455
COBRE,6.2895002365112305,-4.232963427262205
