Indicador,Valor,Variacion
USD,928.84,0.42164897182519695
UF,40844.79,0.0
EUR,1057.66,0.16952844573670917
F&G Index,50.0,0.0
S&P500,7543.58984375,0.37589783811963756
NASDAQ,29586.287109375,1.1009650195995935
IPSA,11024.099609375,0.8769909007055783
BTC,64948.30859375,4.352869147877563
VIX,16.5,-3.8461529911472794
ORO,4059.0,1.5511633725293972
DOW,52508.26953125,0.01834124871685666
COBRE,6.367499828338623,2.1578699018662517
