Indicador,Valor,Variacion
USD,918.91,0.94695097166837
UF,40763.26,0.04167251587139538
EUR,1060.12,1.0754738568323075
F&G Index,33.0,0.0
S&P500,7386.64990234375,-0.25763939780845635
NASDAQ,29084.5,-1.1210880989443563
IPSA,10501.01953125,3.350282787245668
BTC,61835.7890625,-1.988887382979992
VIX,19.8700008392334,5.0211456612506495
ORO,4245.7001953125,-2.0802995701651916
DOW,50872.109375,0.16953025712435119
COBRE,6.333499908447266,0.06319156264568036
