Indicador,Valor,Variacion
USD,888.66,0.1860181959617115
UF,39734.28,-0.006467548383930052
EUR,1034.65,0.5705787437547502
F&G Index,48.0,0.0
S&P500,6796.85986328125,-2.0626758056277503
NASDAQ,24987.56640625,-2.1218529810425095
IPSA,11159.349609375,0.14312703654997588
BTC,88094.875,-4.817445297741343
VIX,20.09000015258789,26.67087381764075
ORO,4766.2001953125,3.8749955704150763
DOW,48488.58984375,-1.764080497702277
COBRE,5.823500156402588,0.6046527643458092
