Indicador,Valor,Variacion
USD,868.24,0.6176773939344823
UF,39733.94,0.0142467783654452
EUR,1027.87,0.5340323353644744
F&G Index,40.0,0.0
S&P500,6881.31005859375,0.5566070147410812
NASDAQ,24898.8671875,0.7986024437467241
IPSA,10864.48046875,-0.2516476072765941
BTC,66354.3515625,-1.6888367753719646
VIX,19.6200008392334,-3.302119497595556
ORO,4998.0,2.357207805980273
DOW,49662.66015625,0.2613777677641499
COBRE,5.7829999923706055,2.662881202025826
