Indicador,Valor,Variacion
USD,916.9,0.0
UF,39658.92,0.0
F&G Index,42.0,0.0
S&P500,6827.41015625,-1.0663649289957977
NASDAQ,25196.734375,-1.9074278879693967
DOW,48458.05078125,-0.5050116588348929
IPSA,10400.009765625,0.0
BTC,90222.1015625,-0.053519750077306784
VIX,15.739999771118164,5.993261729198373
GOLD,4300.10009765625,0.3406859796114806
