Indicador,Valor,Variacion
USD,854.25,-0.629318567805873
UF,39688.65,0.014263038143051956
EUR,1016.96,0.11518128747084266
F&G Index,46.0,0.0
S&P500,6941.81005859375,-0.33037129754582023
NASDAQ,25127.638671875,-0.5560438942071939
IPSA,11009.2802734375,-2.1445981896907385
BTC,68621.7421875,-2.137795723004726
VIX,17.790000915527344,2.476960196184424
ORO,5072.60009765625,0.4296302784070328
DOW,50188.140625,0.10425575562905895
COBRE,5.908999919891357,-0.6055551005973979
