Indicador,Valor,Variacion
USD,863.5,1.0638920424620537
UF,39722.61,0.014250842524422174
EUR,1025.53,1.1470559226748196
F&G Index,36.0,0.0
S&P500,6836.169921875,0.0499089148012519
NASDAQ,24732.73046875,0.1827681776093397
IPSA,10911.580078125,0.12699737241253609
BTC,68673.6484375,-0.16650978411082573
VIX,21.200000762939453,2.9126231570822863
ORO,5010.10009765625,-0.23695544292612505
DOW,49500.9296875,0.09898333350053046
COBRE,5.763500213623047,-0.5006440285705513
