Indicador,Valor,Variacion
USD,907.66,1.3986638961503208
UF,39824.68,0.014239429860255826
EUR,1051.14,0.9527285299936683
F&G Index,27.0,0.0
S&P500,6740.02001953125,-1.327679581256924
NASDAQ,24643.015625,-1.5083467013258707
IPSA,10314.0302734375,0.15634779442166397
BTC,68335.203125,-3.5373829466993927
VIX,29.489999771118164,24.168420088918584
ORO,5181.2998046875,2.290091494538032
DOW,47501.55078125,-0.9450317450219375
COBRE,5.837500095367432,1.4688043803043784
