Indicador,Valor,Variacion
USD,892.18,0.2595884792160591
UF,40040.43,0.03317748078491433
EUR,1043.24,0.11900191938579742
F&G Index,66.0,0.0
S&P500,7165.080078125,0.7973689797975725
NASDAQ,27303.666015625,1.9454218630938442
IPSA,11173.509765625,1.650458870459048
BTC,77447.3671875,-1.0496958304627892
VIX,18.709999084472656,-3.107200404267048
ORO,4725.39990234375,0.43144256798302627
DOW,49230.7109375,-0.16144566592851617
COBRE,6.028500080108643,-0.7735977491057194
