Indicador,Valor,Variacion
USD,907.13,-0.4444785882043016
UF,39743.31,0.00966293712522212
EUR,1066.58,-0.3866557083084373
F&G Index,45.0,0.0
S&P500,6858.47021484375,0.18947067188298883
NASDAQ,25206.169921875,-0.17298989172506674
IPSA,10428.6298828125,-0.3019998104799013
BTC,91387.5390625,0.8656997442832792
VIX,14.510000228881836,
ORO,4329.60009765625,0.3523130830835283
DOW,48382.390625,0.6639195292795095
COBRE,5.691500186920166,0.9131262704561244
