Indicador,Valor,Variacion
USD,913.98,0.4439853177132518
UF,39841.72,0.0
EUR,1045.62,-0.2917953999313587
F&G Index,23.0,0.0
S&P500,6699.3798828125,1.0130883162252053
NASDAQ,24655.341796875,1.1263457773629182
IPSA,10584.6298828125,1.1284587126585552
BTC,74492.8203125,2.339481055765259
VIX,23.510000228881836,-13.53438849905976
ORO,5010.60009765625,-0.8292904966600692
DOW,46946.41015625,0.8332348908059826
COBRE,5.834000110626221,2.0911744029105046
