Indicador,Valor,Variacion
USD,980.0,0.0
UF,39841.72,0.0
EUR,1055.97,-0.7891992446235674
F&G Index,22.0,0.0
S&P500,6616.85009765625,0.07592481161696144
NASDAQ,24202.37109375,0.042167246294743964
IPSA,10518.400390625,-1.652061419832334
BTC,72174.546875,4.813719174527783
VIX,25.780000686645508,6.661152690399281
ORO,4851.89990234375,4.189574511231161
DOW,46584.4609375,-0.1830259061129916
COBRE,5.733500003814697,2.6864887226110064
