Indicador,Valor,Variacion
USD,924.5,-0.030277471398599962
UF,40844.79,0.0
EUR,1060.81,0.42791278910147607
F&G Index,50.0,0.0
S&P500,7457.68994140625,-1.0098540030789749
NASDAQ,28592.658203125,-1.4921613969913858
IPSA,10887.7197265625,-0.5449720105508266
BTC,63920.37109375,0.20550450041322577
VIX,18.770000457763672,12.193669882519634
ORO,4023.0,0.938375688161569
DOW,52146.421875,-0.7735944984078563
COBRE,6.270500183105469,-0.40501621178174035
