Indicador,Valor,Variacion
USD,862.91,-0.06832657788072169
UF,39728.28,0.014273986528071176
EUR,1022.41,-0.304232933215021
F&G Index,37.0,0.0
S&P500,6843.22021484375,0.10313220779064941
NASDAQ,24701.595703125,-0.12588487010902022
IPSA,10892.259765625,-0.17706246356320487
BTC,67529.1953125,-1.908629715825965
VIX,20.290000915527344,-1.5048517485525679
ORO,4889.60009765625,-2.636397896132019
DOW,49533.19140625,0.06517396532483055
COBRE,5.678500175476074,-1.968059442762789
