Indicador,Valor,Variacion
USD,920.52,0.8888547911574856
UF,39841.72,0.0
EUR,1063.57,1.27309083984002
F&G Index,15.0,0.0
S&P500,6506.47998046875,-1.5138182356779244
NASDAQ,23898.154296875,-1.8769031322857923
IPSA,10277.509765625,-1.8708298223941062
BTC,70146.1640625,-0.5337607377778241
VIX,26.780000686645508,11.305075981208415
ORO,4574.89990234375,-0.56079057259669
DOW,45577.46875,-0.9646830629005543
COBRE,5.374499797821045,-1.076758493875675
