Indicador,Valor,Variacion
USD,892.18,0.2595884792160591
UF,40053.72,0.03319145174015582
EUR,1043.24,0.11900191938579742
F&G Index,66.0,0.0
S&P500,7165.080078125,0.7973689797975725
NASDAQ,27303.669921875,1.9454364481061253
IPSA,11173.509765625,1.650458870459048
BTC,77614.5234375,0.20555199167261767
VIX,18.709999084472656,-3.107200404267048
ORO,4722.2998046875,0.36555454027041173
DOW,49230.7109375,-0.16144566592851617
COBRE,6.023499965667725,-0.8558973858681179
