Indicador,Valor,Variacion
USD,980.0,0.0
UF,37000.0,0.0
EUR,37000.0,0.0
F&G Index,25.0,0.0
S&P500,7354.02001953125,-0.047165741757111364
NASDAQ,29118.240234375,-1.0940101014738237
IPSA,10762.98046875,0.5393642095914256
BTC,59328.48046875,-1.0203806990898792
VIX,18.40999984741211,-2.541024657202286
ORO,4079.5,0.019615290109661863
DOW,51876.109375,-0.08573032797436653
COBRE,6.196000099182129,0.8874070346117082
