Indicador,Valor,Variacion
USD,886.32,0.025956731257549256
UF,39947.58,0.03317947239881075
EUR,1043.96,-0.1501630751867413
F&G Index,68.0,0.0
S&P500,7126.06005859375,1.2040463669150832
NASDAQ,26672.43359375,1.2890046472107242
IPSA,11429.1904296875,-0.429319395781147
BTC,77133.7578125,2.636818046061359
VIX,17.479999542236328,-2.564108016318143
ORO,4849.39990234375,1.3374012894649547
DOW,49447.4296875,1.788254115903376
COBRE,6.081500053405762,0.24725733163144958
