Indicador,Valor,Variacion
USD,980.0,0.0
UF,37000.0,0.0
EUR,37000.0,0.0
F&G Index,62.0,0.0
S&P500,6969.009765625,-0.12926312740076712
NASDAQ,25884.294921875,-0.5322032941679423
IPSA,11523.4501953125,-0.8955421688163632
BTC,84345.09375,-5.426360799343006
VIX,16.8799991607666,3.241582672362192
ORO,5465.5,3.0915176423096766
DOW,49071.55859375,0.11416167396956038
COBRE,6.309999942779541,7.085278311058543
