Indicador,Valor,Variacion
USD,872.22,-0.6820692089591338
UF,39726.59,-0.006443631439396381
EUR,1024.21,-0.35607615749071914
F&G Index,52.0,0.0
S&P500,6915.60986328125,0.03268698377890773
NASDAQ,25605.466796875,0.34139036745540413
IPSA,11500.099609375,-0.06604782718093397
BTC,89468.3046875,0.006540802644684912
VIX,16.09000015258789,2.8772365689701336
ORO,4983.10009765625,1.5136142422797387
DOW,49098.7109375,-0.5777189242438109
COBRE,5.936999797821045,3.3870261261930787
