Indicador,Valor,Variacion
USD,916.36,-0.5858357923971509
UF,39841.72,0.0
EUR,1061.34,-0.7351290684624137
F&G Index,28.0,0.0
S&P500,6781.47998046875,-0.21351198877325125
NASDAQ,24956.470703125,-0.04317374510608898
IPSA,10604.51953125,1.6865083917138868
BTC,69847.28125,2.112351029438051
VIX,24.93000030517578,-2.2352929208792895
ORO,5204.5,2.219385249926348
DOW,47706.51171875,-0.07182339202292326
COBRE,5.919000148773193,2.0429313750716225
