Indicador,Valor,Variacion
USD,893.69,-2.473918547295818
UF,39841.72,0.0
EUR,1041.35,-1.8834680686679113
F&G Index,27.0,0.0
S&P500,6775.7998046875,-0.08376012017449581
NASDAQ,24965.005859375,0.0342001733800094
IPSA,10505.2099609375,-0.9364834495315787
BTC,70427.6875,0.7161270817771141
VIX,24.229999542236328,-2.8078650395929765
ORO,5154.60009765625,-1.4360306490143342
DOW,47417.26953125,-0.6062949838068326
COBRE,5.887499809265137,-0.27947148931255567
