Indicador,Valor,Variacion
USD,926.89,0.0
UF,39647.42,0.0
F&G Index,36.0,0.0
S&P500,6886.68017578125,0.6749556939201522
NASDAQ,25776.4375,0.4197645036446625
DOW,48057.75,1.045958608128466
IPSA,10170.3701171875,0.0
BTC,92117.0703125,-0.6199482339768954
VIX,15.770000457763672,-6.851741444195239
GOLD,4254.60009765625,1.1386573827420496
