Indicador,Valor,Variacion
USD,906.68,1.7598204264870874
UF,40391.32,0.04168473707036732
EUR,1053.67,1.2754709727028049
F&G Index,63.0,0.0
S&P500,7403.0498046875,-0.07356678561787136
NASDAQ,28994.369140625,-0.44919891240014315
IPSA,10467.7802734375,0.4137297769840528
BTC,76951.4765625,-0.6171755159466437
VIX,17.81999969482422,-3.3098242010351635
ORO,4587.60009765625,0.6980177868226434
DOW,49686.12109375,0.32295897844416227
COBRE,6.3354997634887695,1.3436716315496173
