Indicador,Valor,Variacion
USD,907.13,-0.4444785882043016
UF,39739.47,0.009663870939013133
EUR,1066.58,-0.3866557083084373
F&G Index,45.0,0.0
S&P500,6858.47021484375,0.18947067188298883
NASDAQ,25206.169921875,-0.17298989172506674
IPSA,10428.6298828125,-0.3019998104799013
BTC,90441.15625,0.5519624428935107
VIX,14.510000228881836,
ORO,4314.39990234375,-0.25892812695673434
DOW,48382.390625,0.6639195292795095
COBRE,5.639999866485596,0.1776154856378853
