Indicador,Valor,Variacion
USD,861.19,0.4209519811562785
UF,39796.31,0.01427471743975979
EUR,37000.0,0.0
F&G Index,43.0,0.0
S&P500,6878.8798828125,-0.4339352811031182
NASDAQ,24960.0390625,-0.2969121279128998
IPSA,10877.740234375,-1.5561539611147548
BTC,65894.234375,-1.6443180373787094
VIX,19.860000610351562,6.602262506673928
ORO,5247.89990234375,0.33266231419080394
DOW,48977.921875,-1.053102579389897
COBRE,6.059500217437744,0.9159847777408329
