Indicador,Valor,Variacion
USD,893.25,-0.7345587091325333
UF,40526.18,0.0416941397886742
EUR,1039.99,-0.45751696545650933
F&G Index,61.0,0.0
S&P500,7519.1201171875,0.6108260424063845
NASDAQ,30001.318359375,1.7627164681409246
IPSA,10747.01953125,-0.7483367263643516
BTC,75816.1015625,-1.8941892557606372
VIX,17.010000228881836,2.531646006214346
ORO,4526.89990234375,0.13049994124640565
DOW,50461.6796875,-0.23333379413662056
COBRE,6.435999870300293,1.48218010971014
