Indicador,Valor,Variacion
USD,886.09,-0.09921417860806966
UF,39934.33,0.033165427096317354
EUR,1045.53,-0.04111055872118089
F&G Index,62.0,0.0
S&P500,7041.27978515625,0.26099558353673313
NASDAQ,26333.0,0.49006670395837443
IPSA,11477.1103515625,1.4357496652055046
BTC,75066.8828125,0.3499825066187644
VIX,17.940000534057617,-1.2658202601573136
ORO,4818.2001953125,0.37917073567708337
DOW,48578.71875,0.2372909115646434
COBRE,6.046500205993652,-0.41995751971488404
