Indicador,Valor,Variacion
USD,896.89,0.1742374320083037
UF,39762.52,0.009658268332843313
EUR,1044.84,-0.15289935400024238
F&G Index,51.0,0.0
S&P500,6966.27978515625,0.647548703188326
NASDAQ,25766.2578125,1.0160238015840413
IPSA,10929.150390625,0.11973448716441645
BTC,90555.328125,-0.518303610050301
VIX,14.489999771118164,-6.213592556624336
ORO,4518.39990234375,1.5439176577249212
DOW,49504.0703125,0.48301142614836323
COBRE,5.890500068664551,2.5058740628799385
