Indicador,Valor,Variacion
USD,927.36,0.11983805668016342
UF,40842.07,0.006660243123363041
EUR,37000.0,0.0
F&G Index,50.0,0.0
S&P500,7482.7099609375,-0.2817238676629868
NASDAQ,29252.5625,0.2726593613828488
IPSA,10947.01953125,-0.7024419333181977
BTC,62217.01953125,-1.7068238084691107
VIX,16.899999618530273,4.773716663523227
ORO,4083.0,-1.502902265767399
DOW,52348.390625,-1.089761350751998
COBRE,6.124000072479248,-0.7696691554554759
