Indicador,Valor,Variacion
USD,865.36,-0.22253225564689436
UF,39773.62,0.014257712554973365
EUR,1019.87,-0.3283719202916269
F&G Index,46.0,0.0
S&P500,6946.1298828125,0.8136355657340022
NASDAQ,25329.03515625,1.409278709414678
IPSA,11133.2802734375,1.2875145639107137
BTC,68338.0546875,6.644832808284024
VIX,17.93000030517578,-8.286439872661303
ORO,5190.10009765625,0.6652758886713404
DOW,49482.1484375,0.6256259595928784
COBRE,6.046000003814697,2.076652842977593
