Indicador,Valor,Variacion
USD,865.67,0.9421751652887658
UF,39688.12,-0.006449876898046775
EUR,1021.56,0.9187362930472364
F&G Index,45.0,0.0
S&P500,6932.2998046875,1.9695796697335792
NASDAQ,25075.76953125,2.1470803120934168
IPSA,11210.7802734375,-0.36296856207947137
BTC,68910.265625,-2.3316786788748645
VIX,20.3700008392334,-6.430866279706494
ORO,4951.2001953125,1.847210572523688
DOW,50115.671875,2.4677668028259276
COBRE,5.863500118255615,1.112266498615618
