Indicador,Valor,Variacion
USD,890.64,-0.2519907267412559
UF,40627.62,0.041688530778473086
EUR,1038.89,-0.11249350998979342
F&G Index,59.0,0.0
S&P500,7599.9599609375,0.262529613089132
NASDAQ,30513.861328125,0.5956567774510533
IPSA,10626.41015625,-1.4996052812740928
BTC,71221.5,-3.2049436197999617
VIX,16.049999237060547,4.765010161736195
ORO,4513.7998046875,-1.02401480786098
DOW,51078.87890625,0.09095773140716962
COBRE,6.565499782562256,3.239246064172032
