Indicador,Valor,Variacion
USD,904.54,-0.05524617696455405
UF,39720.28,0.009668540282050726
EUR,1064.42,-0.14915432313016935
F&G Index,49.0,0.0
S&P500,6905.740234375,-0.3492051480368141
NASDAQ,25525.560546875,-0.4633764937629513
IPSA,10521.6796875,0.3675354777840109
BTC,87278.90625,-0.6340574795648167
VIX,14.199999809265137,4.411760374749117
ORO,4353.60009765625,-3.874941957913868
DOW,48461.9296875,-0.5112586936592182
COBRE,5.572999954223633,-3.3555890417007803
