Indicador,Valor,Variacion
USD,909.02,-0.7587584746225362
UF,40771.41,0.006671786608795044
EUR,1050.53,-0.7013563968051488
F&G Index,34.0,0.0
S&P500,7431.4599609375,0.5025513873057041
NASDAQ,29635.947265625,0.6444556819897318
IPSA,10922.98046875,1.6898129102262742
BTC,63557.98828125,-0.0048243476529395025
VIX,17.68000030517578,-9.053498871043908
ORO,4239.89990234375,3.657429815166873
DOW,51202.26171875,0.6952220433147324
COBRE,6.473999977111816,3.435056057127211
