Indicador,Valor,Variacion
USD,980.0,0.0
UF,39762.28,0.014261779361968372
EUR,37000.0,0.0
F&G Index,38.0,0.0
S&P500,6837.75,-1.0385652247284864
NASDAQ,24708.94140625,-1.214098102512474
IPSA,10923.25,0.6280001748893133
BTC,64791.1640625,-4.239214299751906
VIX,21.010000228881836,10.05762211077649
ORO,5265.7998046875,4.081592472710855
DOW,48804.05859375,-1.656209796912025
COBRE,5.801499843597412,-0.5059167961252462
