Indicador,Valor,Variacion
USD,911.18,0.7340747783403705
UF,39731.79,0.009640565485873795
EUR,1070.72,0.5918716296198826
F&G Index,44.0,0.0
S&P500,6845.5,-0.7357666300846107
NASDAQ,25249.849609375,-0.8353870660745699
IPSA,10481.400390625,-0.38282192645393626
BTC,88522.7421875,1.1586420298666296
VIX,14.949999809265137,4.326586802930954
ORO,4337.7001953125,0.27973223097544836
DOW,48063.2890625,-0.6280504543421896
COBRE,5.723999977111816,1.669624525047332
