Indicador,Valor,Variacion
USD,922.17,0.679076368797414
UF,39841.72,0.0
EUR,1064.37,0.1326484533754661
F&G Index,23.0,0.0
S&P500,6611.830078125,0.4426782512640241
NASDAQ,24192.166015625,0.6098294487077777
IPSA,10695.08984375,-0.03579873625532075
BTC,68630.4609375,-0.509463363520525
VIX,24.170000076293945,
ORO,4685.60009765625,0.7330989499355046
DOW,46669.87890625,0.35524824622794954
COBRE,5.611499786376953,0.8718242393556159
