Indicador,Valor,Variacion
USD,861.19,0.4209519811562785
UF,39790.63,0.014251616691328217
EUR,1014.48,0.1609320234980496
F&G Index,43.0,0.0
S&P500,6878.8798828125,-0.4339352811031182
NASDAQ,24960.0390625,-0.2969121279128998
IPSA,10877.740234375,-1.5561539611147548
BTC,67175.109375,1.963080185037834
VIX,19.860000610351562,6.602262506673928
ORO,5230.5,1.0431758910460736
DOW,48977.921875,-1.053102579389897
COBRE,6.004499912261963,0.9668721254565212
