Indicador,Valor,Variacion
USD,894.17,-0.12398355821642544
UF,39881.38,0.03315929302981097
EUR,1046.3,0.22606663218191655
F&G Index,38.0,0.0
S&P500,6816.89013671875,-0.1138521091652343
NASDAQ,25116.33984375,0.13655161995416612
IPSA,11076.650390625,1.0796393300621852
BTC,70642.0078125,-3.3020185014416183
VIX,19.229999542236328,-1.3340186348648655
ORO,4677.2998046875,-1.7766038638193729
DOW,47916.5703125,-0.5587340344767345
COBRE,5.776500225067139,-1.6012241081000906
