Indicador,Valor,Variacion
USD,918.15,0.0
UF,39643.59,0.0
F&G Index,40.0,0.0
S&P500,6870.39990234375,0.1936641757662079
NASDAQ,25692.05078125,0.4313691657320335
DOW,47954.98828125,0.21743955697057618
IPSA,10222.6103515625,0.0
BTC,91430.6796875,0.0
VIX,15.40999984741211,-2.3447394918898095
GOLD,4242.89990234375,0.0
