Indicador,Valor,Variacion
USD,886.32,0.025956731257549256
UF,39960.83,0.033168467276365673
EUR,1043.96,-0.1501630751867413
F&G Index,68.0,0.0
S&P500,7126.06005859375,1.2040463669150832
NASDAQ,26672.4296875,1.2889898131621917
IPSA,11429.1904296875,-0.429319395781147
BTC,75868.0703125,-1.6321219905512834
VIX,17.479999542236328,-2.564108016318143
ORO,4857.60009765625,1.5087599111024859
DOW,49447.4296875,1.788254115903376
COBRE,6.103499889373779,0.6099019420354992
