Indicador,Valor,Variacion
USD,918.15,0.0
UF,39643.59,0.0
F&G Index,33.0,0.0
S&P500,6846.509765625,-0.3477255626794036
NASDAQ,25627.951171875,-0.24949199237057304
DOW,47739.3203125,-0.4497299999014375
IPSA,10222.6103515625,0.0
BTC,90762.9375,0.3952152460066703
VIX,16.65999984741211,8.111615914194314
GOLD,4221.89990234375,0.0
