Indicador,Valor,Variacion
USD,882.74,-0.13801529480972297
UF,39747.12,-0.006440303418788961
EUR,1028.36,-0.1029706048066069
F&G Index,62.0,0.0
S&P500,6944.47021484375,0.2579926217127318
NASDAQ,25547.07421875,0.31860110943224484
IPSA,11088.48046875,-1.1720163004405855
BTC,95465.1640625,-1.510548036206147
VIX,15.84000015258789,-5.4328349099230415
ORO,4623.89990234375,-0.05187520145837392
DOW,49442.44140625,0.5957572956624403
COBRE,5.995999813079834,-0.21634235020337594
