Indicador,Valor,Variacion
USD,884.57,0.207309060425498
UF,39741.98,-0.006466295378862532
EUR,1026.9,-0.14197362791238566
F&G Index,62.0,0.0
S&P500,6940.009765625,-0.06423023039562939
NASDAQ,25529.259765625,-0.0697165923807922
IPSA,11156.73046875,0.6155036318307534
BTC,95155.8046875,-0.38661297768952296
VIX,15.859999656677246,0.1262594942973407
ORO,4588.39990234375,-0.6043780413789368
DOW,49359.328125,-0.1681010866091529
COBRE,5.78849983215332,-2.681575711127109
