Indicador,Valor,Variacion
USD,886.32,0.025956731257549256
UF,39974.09,0.033182493957194484
EUR,1043.96,-0.1501630751867413
F&G Index,68.0,0.0
S&P500,7126.06005859375,1.2040463669150832
NASDAQ,26672.4296875,1.2889898131621917
IPSA,11429.1904296875,-0.429319395781147
BTC,73944.0078125,-2.3534825035296256
VIX,17.479999542236328,-2.564108016318143
ORO,4795.0,-1.2887042242619768
DOW,49447.4296875,1.788254115903376
COBRE,6.0335001945495605,-1.1468779567947323
