Indicador,Valor,Variacion
USD,891.0,0.2035560453896181
UF,40357.67,0.04166990986309581
EUR,1040.4,-0.05379649554257084
F&G Index,63.0,0.0
S&P500,7408.5,-1.2363320128051742
NASDAQ,29125.19921875,-1.5385291916587753
IPSA,10421.349609375,-0.5811711070144115
BTC,78163.5625,-1.1409718996479095
VIX,18.43000030517578,6.77867937878783
ORO,4555.7998046875,-2.6143154360896004
DOW,49526.171875,-1.073215979156455
COBRE,6.251500129699707,-4.811571819334662
