Indicador,Valor,Variacion
USD,906.15,-0.3255931625435906
UF,39841.72,0.0
EUR,1045.28,0.008610874577820123
F&G Index,18.0,0.0
S&P500,6624.7001953125,-1.3607567880073448
NASDAQ,24425.09375,-1.43389891291283
IPSA,10619.6904296875,0.01121090255214955
BTC,71111.84375,-3.8021356199067076
VIX,25.09000015258789,12.15913818198902
ORO,4836.7001953125,-3.285339025944811
DOW,46225.1484375,-1.6345179141790191
COBRE,5.501500129699707,-3.9290998565200206
