Indicador,Valor,Variacion
USD,915.95,-1.2410238716494502
UF,39841.72,0.0
EUR,1062.96,-0.759039856594673
F&G Index,19.0,0.0
S&P500,6582.68994140625,0.11208758485562616
NASDAQ,24045.529296875,0.10632420017994453
IPSA,10739.150390625,-1.0790025691651073
BTC,68729.9140625,2.139080707185471
VIX,23.87,-3.515849886621507e-06
ORO,4661.2998046875,0.21068052644308286
DOW,46504.671875,-0.13114020845362348
COBRE,5.642000198364258,1.4200969497423255
