Indicador,Valor,Variacion
USD,888.36,-0.5095698334658537
UF,40661.48,0.041653801063119875
EUR,1032.5,-0.601684717208183
F&G Index,54.0,0.0
S&P500,7553.68017578125,-0.7372041104846258
NASDAQ,30571.236328125,-0.29145966611388663
IPSA,10359.9404296875,-1.0434366499882468
BTC,63804.98828125,-4.345590829213354
VIX,16.059999465942383,1.8389283434417567
ORO,4477.2001953125,-0.2650843617847353
DOW,50687.0703125,-1.209794382766871
COBRE,6.495500087738037,-2.31596071771039
