Indicador,Valor,Variacion
USD,894.67,0.1589700531765977
UF,40543.07,0.04167676302084089
EUR,1040.19,0.019230954143794218
F&G Index,61.0,0.0
S&P500,7520.35986328125,0.016487914469089805
NASDAQ,29973.572265625,-0.09248941908546213
IPSA,10838.0400390625,0.846937214060439
BTC,74304.859375,-2.0057504388660923
VIX,16.290000915527344,-4.232800139132166
ORO,4479.0,-0.4755111280800892
DOW,50644.28125,0.3618618397778636
COBRE,6.33050012588501,-0.4794833337131439
