Indicador,Valor,Variacion
USD,912.03,0.0
UF,39670.41,0.0
F&G Index,47.0,0.0
S&P500,6800.259765625,-0.2383917951962334
NASDAQ,25132.939453125,0.26197477069903
DOW,48114.26171875,-0.6243667120922199
IPSA,10188.4296875,0.0
BTC,87662.640625,1.438165379526461
VIX,16.479999542236328,-0.1212148955374053
GOLD,4334.60009765625,0.6478255062685073
