Indicador,Valor,Variacion
USD,899.68,-0.8628004099128429
UF,40458.69,0.041664770940209005
EUR,1046.26,-0.6900610329084109
F&G Index,59.0,0.0
S&P500,7473.47021484375,0.37269732409066003
NASDAQ,29481.642578125,0.42365331947035584
IPSA,10563.8798828125,-0.3815415342553959
BTC,75478.046875,-2.658172572854809
VIX,16.700000762939453,-0.35799203534011975
ORO,4510.5,-0.6453986067237357
DOW,50579.69921875,0.5847374014507274
COBRE,6.380499839782715,1.9737872926745252
