Indicador,Valor,Variacion
USD,870.71,-0.17312146018206312
UF,39718.89,-0.006444880536832547
EUR,1026.42,0.21577606154988102
F&G Index,55.0,0.0
S&P500,6950.22998046875,0.5006083031276404
NASDAQ,25713.208984375,0.42076274441169
IPSA,11546.2802734375,0.40156751359660436
BTC,88059.2265625,1.7176501122076187
VIX,16.149999618530273,0.3728991011397386
ORO,5026.39990234375,1.00879597003628
DOW,49412.3984375,0.6388915187596416
COBRE,5.915500164031982,0.07613583607643108
