Indicador,Valor,Variacion
USD,915.95,-1.2410238716494502
UF,39841.72,0.0
EUR,1062.96,-0.759039856594673
F&G Index,15.0,0.0
S&P500,6582.68994140625,0.11208758485562616
NASDAQ,24045.533203125,0.10634046267614823
IPSA,10739.150390625,-1.0790025691651073
BTC,67012.1015625,-1.5665037689112589
VIX,23.8700008392334,-2.7302365578560845
ORO,4702.7001953125,-1.6829736727074354
DOW,46504.671875,-0.13114020845362348
COBRE,5.68149995803833,1.022401934887141
